filename,ok,reason,n_markers,n_charuco,reproj_err_px,board_squares_x,board_squares_y,board_legacy,tl_u,tl_v,tr_u,tr_v,br_u,br_v,bl_u,bl_v,rvec_x,rvec_y,rvec_z,tvec_x,tvec_y,tvec_z,quat_w,quat_x,quat_y,quat_z
20260422_171250_668715.jpg,1,,63,104,1.2233907904841004,14,9,0,740.1923722196112,503.7699041534628,181.83735814354856,519.0114168424302,153.71425502272734,154.68569456864515,731.3324904561306,137.74332078585692,0.06517870316991471,-0.11526751563597147,3.1098769101641586,0.03359809861838939,0.08281970253368362,0.3900091142765777,0.014448396586252328,0.020937452151364597,-0.037027556178024855,0.9989904038663129
20260422_171425_626437.jpg,1,,63,104,1.2242049452729817,14,9,0,740.4998084498447,503.6876470563644,182.09152238034034,518.9463581967927,153.9893609931056,154.58336845817269,731.6553384161157,137.6565515461285,0.06493966550621917,-0.11518328293523922,3.109890962591105,0.03375158206059044,0.08277806157972124,0.39000817481035593,0.01444543418015872,0.020860626907680747,-0.03700042913038633,0.9989930589951727
20260422_171558_744899.jpg,1,,63,104,1.2385125570266107,14,9,0,739.9556889874212,503.53597847693953,180.82501313932642,519.0688960674019,152.59732418460737,154.18659721982172,731.0871704165347,137.37747647135294,0.06264462883709623,-0.11539412296382828,3.109856545449841,0.033470503429031434,0.08267980623310639,0.3898899476982699,0.014482236552837905,0.020123855419387996,-0.03706901437328079,0.999005096804256
20260422_171732_132691.jpg,1,,63,104,1.2196346156534625,14,9,0,738.6157642853084,503.4269255958901,179.02222182860135,518.8423929079398,150.7028435204487,153.66334192846543,729.6481780713515,136.6470988043509,0.06462828473464388,-0.11525861196319262,3.109769232607176,0.032748285621104205,0.08249286829999843,0.38924335691020856,0.014508083881039533,0.020761418773205344,-0.03702608416750213,0.9989932672865446
20260422_171914_085150.jpg,1,,63,104,1.2611819941631386,14,9,0,743.9016946848681,503.3410887058118,185.03649381967324,518.6908122372436,156.96559762200138,153.98914619915763,735.2140770192606,137.14319819929528,0.06336059362207642,-0.11548645811725147,3.1099436843249078,0.03544014795072677,0.08257667287063661,0.3899117348059424,0.014429753493658723,0.020353179755351985,-0.037097452959316476,0.9990001547907237
20260422_172046_815493.jpg,1,,63,104,1.2347179177544265,14,9,0,749.0152348730404,503.4464765594267,190.5396822893677,518.723514036794,162.40908120252868,154.2761656605264,740.4562080406995,137.2100058205751,0.0642203274997888,-0.11658225085817309,3.1097042820562955,0.03799463283610621,0.08262730521206044,0.38998140163126327,0.01452010239971651,0.02063052088582304,-0.03745157732578848,0.9989799435374526
20260422_172219_477623.jpg,1,,63,104,1.2352043731167643,14,9,0,744.2261793605301,503.4859859006188,185.83749088340664,518.6313019385218,157.76431996677945,154.22184191000818,735.6572951752876,137.50990541761678,0.06377814803348675,-0.11639273793781893,3.110154309685921,0.035625724959808494,0.0827034761552759,0.39017775880694017,0.014303407983191118,0.02048568381133625,-0.03738560778023779,0.9989885212602548
20260422_172353_732782.jpg,1,,63,104,1.2431702650859715,14,9,0,745.114382829656,503.59879770257504,186.71443402996067,518.7685507723985,158.44167497262663,154.31757521992242,736.5551314377923,137.53053239222183,0.06386266715390819,-0.1175706932445235,3.110007076693292,0.03606508478409055,0.08274889482921531,0.39014250068384515,0.014353952079215266,0.020513482887085294,-0.03776516878134636,0.9989729491364946
20260422_172525_992124.jpg,1,,63,104,1.2423700652267406,14,9,0,747.2888142046858,503.4823273691133,188.15020741080025,518.7189869117282,160.17815613364098,153.8453045811423,738.7541027496968,136.9875741918942,0.06354175059978726,-0.11558258473220405,3.1100315919627746,0.0371032580320452,0.08258148854750524,0.38965572691546996,0.0143822137468744,0.02041076286351646,-0.037127222744933526,0.9989985595676886
20260422_172702_423729.jpg,1,,63,104,1.2647551451320658,14,9,0,747.2065141246376,503.5357075214059,188.5934243349928,518.7490029206272,160.140098792529,154.12674220845966,738.6714838434382,137.18441696127695,0.0640720000206492,-0.11857016217400311,3.1097931291293017,0.03708808318942186,0.08266592675286531,0.38992879618434884,0.014439711261689199,0.020581831958058305,-0.038088262459710344,0.9989580407578337
20260422_172835_868891.jpg,1,,63,104,1.2901941127229102,14,9,0,747.2850722721107,503.39009039065877,187.5125836465981,518.6011692667226,159.5755777050614,153.28042947579914,738.8446727124139,136.61032241934447,0.06256713925173504,-0.11560841655741383,3.110287063981834,0.03707521725793275,0.08247719447931376,0.3893777279264688,0.01426399522245016,0.020096207479209875,-0.03713276255340832,0.9990064258203741
20260422_173009_893327.jpg,1,,63,104,1.2316888222367766,14,9,0,745.8562164826949,503.33137934432864,186.550108685947,518.644614599231,158.28089749697426,153.62184513675257,737.1967777268598,136.5920740213084,0.06419775743278708,-0.11654607134021219,3.109770964722017,0.03636989344072601,0.08246525156971422,0.38943657664800796,0.014487705209505158,0.020622850681881178,-0.037439192939495824,0.9989810364864563
20260422_173141_438714.jpg,1,,63,104,1.2728150445488806,14,9,0,750.0542014065377,503.25133403940106,192.06277662493181,518.5748166709039,163.60986794414606,154.37318854073513,741.5180605697047,137.22513394635274,0.0641743032821738,-0.11868813997041171,3.109468903781608,0.03854516582582736,0.0825969018436312,0.3903081835587788,0.014598352945218438,0.020616749033265245,-0.038129959654345756,0.9989534243033277
20260422_173315_524932.jpg,1,,63,104,1.265123892528154,14,9,0,747.8689244635303,503.3249310990908,189.34965004656215,518.4835769957924,161.3299454725555,154.0048437073274,739.3605302411415,137.10072380095787,0.06419780765034074,-0.11623625614837801,3.109976090742369,0.03742289757638361,0.08256898931049872,0.3899714769368097,0.014391037652031364,0.02062161459381146,-0.03733740082176586,0.9989862689480357
20260422_173447_896872.jpg,1,,63,104,1.2765125588456954,14,9,0,752.1166786636876,503.38012666116515,193.66790605030775,518.5461891876814,165.56413476250333,154.0402621310019,743.8702132620876,137.3237651784012,0.062336326508345766,-0.11803598998234159,3.11008900708605,0.03957028163291236,0.08264796267107767,0.39028165597148523,0.014319693593093962,0.02002277236474781,-0.037913811907855345,0.9989777664336906
20260422_173620_466852.jpg,1,,63,104,1.2319507076871536,14,9,0,745.9225851819391,503.51106927897104,187.65900143850172,518.7373120251227,159.70106065448385,154.4800258728573,737.2576329138504,137.4675177425347,0.06480324102598499,-0.1152184842840687,3.109831590623028,0.036461747230773084,0.08268814879260213,0.3900718422057347,0.01447586040324138,0.020817201001893826,-0.03701244426205835,0.9989930793442869
20260422_173753_465736.jpg,1,,63,104,1.2454559206721887,14,9,0,739.8147533440265,503.4754612910466,180.68511434926182,518.7750284790109,152.61969837170636,153.89598682442704,731.0661490853722,137.25621438783375,0.06309816682286568,-0.11515759753151036,3.1102116543575336,0.03339468350186968,0.08263622576998307,0.3898231310664281,0.01430465792950634,0.02026728824039882,-0.03698890696452347,0.9990077249703679
20260422_173928_858128.jpg,1,,63,104,1.2565667203375326,14,9,0,746.2290773319348,503.4986149467577,187.43093967258977,518.6974754195313,159.47394278156435,154.06115639358524,737.6498148487243,137.18710354421847,0.06406682058281399,-0.11544124600720035,3.1100221984709813,0.036590843702586584,0.0826274585609451,0.3898190080188402,0.014384147257003056,0.02057944986196714,-0.03708186722232136,0.9989967555875114
20260422_174104_582283.jpg,1,,63,104,1.2617680349735871,14,9,0,749.8365863708185,503.40049512119134,191.36348563073074,518.6669310743373,163.26828174734828,154.2072053096348,741.3529108332758,137.2332678991657,0.06362378126586019,-0.11675455583258026,3.109802596505795,0.03841311968659604,0.08262160283597135,0.3900740869500452,0.014473891231130614,0.020438289565644478,-0.037505840940876674,0.9989825297209045
20260422_174245_163145.jpg,1,,63,104,1.276498511125458,14,9,0,745.90018343935,503.1781493464395,186.92858642876502,518.6850076730095,158.9182588268809,153.92333102021288,737.2209241078795,137.00960136089566,0.06251574348855911,-0.11502463001916512,3.1097958317291967,0.03644035290651738,0.08249858889133321,0.389951289333263,0.014520696285899116,0.020082937646756383,-0.036951211704598384,0.9990097261530596
20260422_174419_338864.jpg,1,,63,104,1.2245550411252883,14,9,0,742.4013221208486,503.50011313309153,183.89828608408573,518.7921757661543,155.71368845994164,154.34242537459752,733.6005000722287,137.33674031244718,0.06485385379563016,-0.11576594052896895,3.1097766332706627,0.03469345546444368,0.08266354724330068,0.3899305242747876,0.014492628826272606,0.020833679130962065,-0.03718869917699608,0.9989859469367399
20260422_174552_942225.jpg,1,,63,104,1.2425638550849276,14,9,0,749.1119319900426,503.44700560721833,190.75144837894175,518.6692848700422,162.52875057001114,154.2805495505483,740.5639621060012,137.18137878429468,0.06469113103222957,-0.11722903253359944,3.109673989591666,0.03804284921706764,0.08262733990019966,0.38998181411989163,0.014518213753474786,0.020781739966779084,-0.037659308653246557,0.9989690271600623
20260422_174724_980145.jpg,1,,63,104,1.236973524749066,14,9,0,742.6485773863964,503.6490496411734,183.52602373424992,518.9209847315833,155.4599663080612,154.0888937989457,733.8686573565404,137.1106492819578,0.06475704846433686,-0.11496195921293298,3.1098930493820007,0.03477909202200701,0.08264785672482347,0.3895141351940302,0.014450384520045883,0.020802029356335912,-0.03692944794613893,0.9989968357488798
20260422_174857_405714.jpg,1,,63,104,1.217400401766037,14,9,0,739.4879963577494,503.6037936137309,180.6678636553575,518.8085495513019,152.41850936760352,154.13912307241577,730.6333646419736,137.21224141252983,0.06531477877265172,-0.11583109232462094,3.109931403918278,0.03321796220927881,0.08266691547368558,0.3896653007837762,0.014409291993067187,0.020980648549124518,-0.037207680785127796,0.9989833698221952
20260422_175028_810788.jpg,1,,63,104,1.2582042338432216,14,9,0,741.59206594325,503.54244676096744,182.00005499995711,518.849277953593,153.87071982939506,153.67323453683628,732.8310138314484,136.82993185738113,0.06387960387884341,-0.11523079284955837,3.1100279725198585,0.03423837199561875,0.08256261259237549,0.3893448171429143,0.014387085163979706,0.020519350256977816,-0.037014334079996394,0.9990004540129751
20260422_175203_820181.jpg,1,,63,104,1.2449898716929502,14,9,0,747.4203870889037,503.4569559028722,188.51100002013783,518.6272274509686,160.29757898160767,153.87144560316338,738.8581569107631,136.85597465554093,0.06474767276153474,-0.11692442333006252,3.109844988238953,0.037164394508671796,0.08255867889444402,0.3896090148702057,0.014437942712288382,0.020798855031662275,-0.03755956047191581,0.9989735896692991
20260422_175336_111364.jpg,1,,63,104,1.251136883261321,14,9,0,748.1966410798826,503.3029048991716,189.81673594586056,518.5136828147442,161.82388395023423,154.1090985192591,739.7440160293188,137.33994390075821,0.06308861012433006,-0.11641034762144115,3.110061103509768,0.03761317473499751,0.08261619339898729,0.3902506844133903,0.0143566595749741,0.020264880610443604,-0.03739251493605151,0.9989920023535975
20260422_175509_942060.jpg,1,,63,104,1.2141945963595369,14,9,0,736.4971781115928,503.63457223232626,177.71421472540004,518.9080064161943,149.56319587153575,154.30001028965376,727.5167831440486,137.41398530751457,0.06517245813126703,-0.11467880495940946,3.1099646231357747,0.031734127448020885,0.08270843899314077,0.38974987990605797,0.014415520899555764,0.020935013714120525,-0.03683768302414828,0.998997949481077
20260422_175642_072027.jpg,1,,63,104,1.231449781466559,14,9,0,742.6241023388448,503.44553016040857,184.06524882430807,518.7628300700935,156.0903615147065,154.30539731228774,733.8589742852567,137.40753496065662,0.06411482310266185,-0.11470900124821176,3.1099206442409058,0.03481236347813339,0.08265422483012654,0.3900166120703379,0.014447913204832439,0.02059569411510214,-0.036848132578859986,0.9990041492973859
20260422_175822_000670.jpg,1,,63,104,1.2554118355875707,14,9,0,748.6604991622249,503.5286600025911,190.25663009636293,518.686870293168,162.11853680567452,154.22084515347026,740.2937882588697,137.55407385022178,0.06269127100414514,-0.11772304618688026,3.110143224079706,0.03784818938460837,0.08273577507153415,0.390296622273221,0.014294973742023384,0.020136469781717386,-0.037812705408335014,0.9989796672706344
20260422_175953_172795.jpg,1,,63,104,1.2850988215496135,14,9,0,744.2916883819458,503.50542512795596,185.0948578897453,518.7652645828055,156.94378072275117,153.8067256941262,735.7060082434504,137.0904781161803,0.0630281090340195,-0.11638280020361447,3.1101218047486414,0.03561780987971197,0.08261885340604366,0.389734297713212,0.014327467223101818,0.020245075600051305,-0.03738298078078292,0.998993179829003
20260422_180126_630421.jpg,1,,63,104,1.198789378594984,14,9,0,739.1404292493644,503.6403117103605,179.91806375105364,518.9738740294074,151.77018131923592,154.05355119474194,730.2809879114833,137.23448215576292,0.06400095978983286,-0.11503737172869265,3.110008705797955,0.03304006067833307,0.08267441015172754,0.38961116641592314,0.014399039328779924,0.020558486476214107,-0.036952481005124604,0.999001766989319
20260422_180303_520765.jpg,1,,63,104,1.273216213050331,14,9,0,750.0902736646551,503.44223290648307,191.91787853622986,518.7231775826604,163.69585139219214,154.41581851500345,741.665938437091,137.54352414515813,0.06290246209709202,-0.1179183451404721,3.109824448815325,0.03857166977844298,0.08271055099829999,0.3904007418641913,0.014448372620125613,0.020206251528215917,-0.037879085528029086,0.9989735365901184
20260422_180437_707476.jpg,1,,63,104,1.2246766587913431,14,9,0,745.3254493782407,503.36053981389244,186.1817888520721,518.554386370871,158.22961978777153,153.70127443731698,736.6859356997808,136.75523642893057,0.06461561860581072,-0.11495597366270055,3.109999245336846,0.03611092612095095,0.08249336615927114,0.389493777748813,0.01439891966115757,0.02075592656365444,-0.036926331417677365,0.9989986529886352
20260422_180609_886359.jpg,1,,63,104,1.2250158450887503,14,9,0,745.1850791865396,503.5032102938635,185.97675668526637,518.7534253535243,158.2661188416156,153.90631911842334,736.5470959209864,137.06161966889755,0.06381205808556467,-0.11356452427827463,3.1101211385571785,0.0360494870867788,0.08258437630158545,0.3895897584625004,0.01437185566300903,0.020497457157433372,-0.036478747760759316,0.9990208230946379
20260422_180745_872889.jpg,1,,63,104,1.3006185329357813,14,9,0,747.0268738911865,503.39737305577273,188.3594393417544,518.4985313962319,160.21234595105557,153.8793366789859,738.5599730186887,137.08890909086162,0.06396951909550792,-0.11716837360686495,3.1100999814013894,0.03699783471814207,0.0825957008261486,0.389916397024392,0.01431403420846273,0.02054728979113047,-0.03763499493033952,0.9989777397237196
20260422_180917_672094.jpg,1,,63,104,1.2346325498386828,14,9,0,750.7517213810299,503.33819868106275,192.51915406202636,518.56997441357,164.3704109146645,154.26586308575824,742.275005215417,137.1921647691417,0.06424090736927075,-0.1171780388339691,3.10969424389034,0.03887469103560329,0.08259928924922019,0.3901279462044655,0.01451371893956748,0.02063704934157879,-0.03764282087837993,0.998972713437827
20260422_181052_425487.jpg,1,,62,100,1.3742825558494385,14,9,0,739.8809582521673,503.3604206400503,180.98441047259712,518.7726229293211,152.58095648760286,153.96740797618384,731.1304535668418,137.33070323476116,0.062328241860790765,-0.11712952880137578,3.110035079507598,0.03345243325279123,0.08263965961858168,0.3901078272452362,0.014363828848598548,0.020020730620270825,-0.03762369471369277,0.9989881422531148
20260422_181227_248179.jpg,1,,63,104,1.2415496169268416,14,9,0,748.7215968149898,503.4541490234275,189.92133805599298,518.6908336561005,161.77108550026543,153.98266719065862,740.2765929030896,137.1666060099404,0.06303687442026583,-0.11717766328080206,3.1099861003284635,0.03784596971613044,0.08262693930428565,0.3899573476113892,0.014380253869680688,0.020248562547479074,-0.03763954456704417,0.9989827169166591
20260422_181359_794835.jpg,1,,63,104,1.2693998185058986,14,9,0,749.8110728725951,503.38370179331105,190.96502654440934,518.7171946717451,162.81876943003965,153.96968904979178,741.3919735049329,137.16573149246705,0.06221584182386452,-0.1172096171969041,3.109934617775507,0.03839776566916072,0.08260760974889761,0.39004670846921197,0.01441362588168733,0.019985251265687155,-0.03765059801114226,0.9989871218340072
20260422_181538_520607.jpg,1,,63,104,1.2649699586289374,14,9,0,741.6894878285092,503.5526417573743,182.91443535640968,518.963142800497,154.8696925351395,154.3426161002779,732.9124269908424,137.54888124056487,0.06308868423878158,-0.1149693391107436,3.1099581011437953,0.03434879871952807,0.08271654701425601,0.3900483914275509,0.014434883879857998,0.020265900231346536,-0.03693145901194618,0.9990080053485243
20260422_181716_040666.jpg,1,,63,104,1.2880964138487174,14,9,0,760.1911421086987,502.9549682055168,201.68246059698527,518.2395993562335,173.67757996677597,153.67148735311625,752.2042875737743,136.84354138177935,0.060830291155400486,-0.11852782788381072,3.1099066925335253,0.0436060667396659,0.0824316798729941,0.3903843786466021,0.014416310164659754,0.019540211424669884,-0.03807410374939369,0.9989798360139188
20260422_181847_207122.jpg,1,,63,104,1.2721348007375741,14,9,0,747.9049035138556,503.32460070941454,189.15640057068345,518.6808976941572,161.05888438913075,154.0480665291839,739.3212081070682,137.07103463576118,0.06341738965416947,-0.11613456121038991,3.109777724679211,0.03743737447582693,0.08256109828324808,0.38993551964545436,0.014500016220251186,0.02037232331960182,-0.037307288150145425,0.9989909330034263
20260422_182019_708764.jpg,1,,63,104,1.2288785547851764,14,9,0,742.861931202597,503.2614325188491,183.5003071833351,518.5792112469313,155.6105133923303,153.59870658921164,734.1199842374825,136.71999545899874,0.06390409006686688,-0.11398292428035596,3.1100325488909983,0.03488410091346911,0.08245072287535848,0.3894873620683002,0.014407517589898432,0.02052747916026604,-0.03661396477663522,0.9990147464474971
20260422_182156_493185.jpg,1,,63,104,1.3013063132742728,14,9,0,752.2670515842779,503.29888527689565,192.83438783298192,518.4764941929119,164.83259034761443,153.3872367472706,743.9035167252541,136.39768273578517,0.0637446430567872,-0.11639895817863839,3.1099421094866724,0.039551665051778956,0.08241185671316639,0.3893578468767468,0.014409627511992438,0.02047628821332304,-0.037390100581048906,0.9989870192522572
20260422_182333_482202.jpg,1,,63,104,1.2305124826487375,14,9,0,746.6502059889568,503.44634326735195,187.88073068681734,518.6353134531054,159.8921854990125,153.97010679963057,738.1888494792956,137.31129350168803,0.06281387733139425,-0.11624060078095441,3.110216213901788,0.03682212093288933,0.08264823581627471,0.39004483446300786,0.014285131198737746,0.020175726243573937,-0.037336312282906264,0.998996934370818
20260422_182510_242890.jpg,1,,63,104,1.2813170499135973,14,9,0,754.7492334557658,503.37238001368826,196.40572734773264,518.5445647523559,168.02602802729444,154.08429694619252,746.4970948061666,137.05230542478748,0.06356157560802551,-0.11956520533150843,3.1096925353445357,0.040864934225713766,0.08260007828901043,0.39011591430064574,0.014476157917581481,0.020418335900366492,-0.038408779220803005,0.9989485963200373
20260422_182643_065786.jpg,1,,63,104,1.2525139770549691,14,9,0,744.9966383583617,503.4573328830238,186.06486395910372,518.8290242177707,158.16161420101707,154.14996671042573,736.2556510306463,137.13015645665521,0.06410368844378765,-0.11420259174582677,3.109807951791241,0.03596867827621735,0.0825919528805356,0.3897293559913382,0.014513627833915644,0.020592967314187482,-0.036686972249335835,0.9990091843278879
20260422_182816_877057.jpg,1,,63,104,1.2569937689961561,14,9,0,744.1832955602341,503.45288080457465,185.37943856490023,518.5819804312493,157.42465629900948,153.97099214665351,735.4836709905983,136.96403648121915,0.06556028960947878,-0.11485321730582787,3.1099594334182394,0.03555051315172477,0.08256204800189713,0.38958681422097075,0.014410826538870816,0.02105953272501782,-0.036893599812224724,0.9989933365407229
20260422_182951_151184.jpg,1,,63,104,1.2250512320692013,14,9,0,739.7011315846115,503.5029296758594,180.88720238086717,518.8215939443621,152.64745751725297,154.15631721171422,730.8287093134859,137.23439598441428,0.064593695427217,-0.11563442281598885,3.1098653801739657,0.03333485400329052,0.08264238455303813,0.38978679856892556,0.014453448910867263,0.020749595091155107,-0.03714553620383525,0.9989898704482763
20260422_183136_490493.jpg,1,,63,104,1.2239814976128356,14,9,0,745.0443612984767,503.3620446613928,185.47474729955962,518.7236042722631,157.41218268161197,153.60283629805062,736.2682890369277,136.44446139036762,0.06482578943842994,-0.1146550484481722,3.109701617941497,0.03593994238624484,0.0824237751599847,0.3891576128083777,0.01455094855747793,0.020825426563466466,-0.036833184944950366,0.9989984424368931
20260422_183312_602976.jpg,1,,63,104,1.240178449926081,14,9,0,747.2320592662637,503.3756026107161,188.53782258612182,518.5577896868248,160.4682551895254,153.9533517433342,738.7072655424223,137.07488356777932,0.06399068256478657,-0.1163783708577378,3.1099881262411335,0.03709766854918073,0.08257882293217635,0.3898904277146733,0.014384503467681912,0.020554997519316415,-0.037382897453249964,0.9989860344944613
20260422_183444_780644.jpg,1,,63,104,1.2941100756255868,14,9,0,755.7892437308975,503.204343977669,197.31606208298723,518.374282723769,169.36743523981323,153.89894065977938,747.5890719179215,136.96902569670084,0.06292375350615277,-0.11726754705611937,3.109917539182637,0.041384316568515614,0.08251526541592512,0.39012362123683897,0.014413951548101041,0.020212653960712056,-0.03766921420596895,0.998981840136115
20260422_183618_159794.jpg,1,,63,104,1.2553173093445333,14,9,0,756.8512825411426,503.24063299352906,197.96822487461026,518.5476263734702,170.01522811168155,153.80442235732914,748.6407283696653,136.82939192093136,0.06216089274905773,-0.11700847845235963,3.1098127102205946,0.041894173203988354,0.08249218005802716,0.38994756755324783,0.014478850154192723,0.019968418375766375,-0.03758752726864561,0.9989888903084017
20260422_183751_865195.jpg,1,,63,104,1.2834928835897228,14,9,0,753.777576648725,503.235114409172,194.57114275778628,518.4916588658201,166.49588835875562,153.4878538777908,745.5522522143908,136.70149062489074,0.06185715607466601,-0.11757484811896017,3.1100319017325906,0.04034957781588507,0.08247068888491896,0.38980837912681415,0.01436172084466873,0.019869384756655093,-0.03776668769189804,0.9989857986100475
20260422_183924_184148.jpg,1,,63,104,1.260650455617093,14,9,0,748.0186694682765,503.4666413068875,189.82277544536703,518.6172245646721,161.67473343307546,154.36550426086936,739.4222611254048,137.2334196435924,0.06552060172614767,-0.11666323448066315,3.109702055545895,0.03749721584527039,0.0826386926219422,0.38997309580920675,0.014506149120191342,0.0210480442610416,-0.03747726452892647,0.9989704730941336
20260422_184055_908466.jpg,1,,63,104,1.2701260755473867,14,9,0,758.8424905068468,503.17640434493916,200.4584948623571,518.3018370645261,172.29756681868616,153.8089003759547,750.8240679661611,136.91780123891945,0.062337976403450734,-0.11941616686729624,3.109899179187571,0.04291805006737836,0.08251621054951129,0.39024446044213174,0.01438817573102139,0.020024163751251958,-0.038358782524823866,0.9989597674923698
20260422_184549_943141.jpg,1,,63,104,1.2829707196980578,14,9,0,752.1522600250362,503.10272612929,192.97856333067756,518.3857164762633,164.65874618629158,153.3704914493423,743.8265119851945,136.46779963319682,0.06257116640458481,-0.11846659368639571,3.109852039410498,0.03953259590068082,0.08239358288596753,0.3897261110381452,0.014427522150587242,0.020099565668840906,-0.038054701808933056,0.9989693157123253
20260422_184722_669636.jpg,1,,63,104,1.3551198283175863,14,9,0,760.6493460799059,503.12916748300376,202.65891121817225,517.9132378595774,174.0810417009506,153.60090237471348,752.7746759586403,136.54833725371563,0.06479993663253815,-0.12276786301272456,3.1098087471660025,0.043801345683841475,0.08245509876623837,0.3900966261206734,0.014343022969749514,0.020814402593483192,-0.039434293597832376,0.9989023850332953
20260422_184854_559056.jpg,1,,63,104,1.2371184663744343,14,9,0,744.5655876359725,503.31575115790486,185.6774190200225,518.5840042363537,157.64549987381884,153.86911946038825,735.9246199310705,137.02399200725128,0.06372953789503683,-0.11550208350418835,3.1100069875331915,0.035763415743696424,0.08254438061862773,0.389827777153753,0.014394078237591219,0.02047123612141142,-0.03710164080937672,0.9989981017262263
20260422_185029_586466.jpg,1,,62,100,1.258087499667,14,9,0,743.4641295142898,503.4281083194621,185.01549458900632,518.6575800931284,156.912867445129,154.2168492042149,734.8157930572419,137.43542634470847,0.06379259094771489,-0.11610430680418493,3.1100385351089948,0.035242315710734606,0.08266904631638969,0.3901390244799032,0.014366473845826268,0.020491134723540836,-0.03729444058257198,0.9989909121351465
20260422_185204_890072.jpg,1,,63,104,1.2333686151669316,14,9,0,748.9367951126839,503.37501223320476,189.818133036287,518.6493238555597,161.6871438806118,153.7263097669095,740.5054619368295,136.93703265520887,0.06260304613577998,-0.11697798784053617,3.1100195832709696,0.03793846957939608,0.08255466666768588,0.38980351957769893,0.01437166109268193,0.020109100658218658,-0.037575202445888335,0.9989880798034105
20260422_185339_307069.jpg,1,,63,104,1.289504772631894,14,9,0,745.5856329108107,503.5731920375258,185.89264352925977,518.5105137205471,158.22713421857918,153.3511831940527,737.034286842854,136.47580118524075,0.06569705175011756,-0.1136490968611155,3.1103463877198902,0.036188005950918804,0.08247921577614062,0.38893723696509214,0.01423819564825608,0.02110117545409262,-0.0365028485933735,0.9990092873560821
20260422_185516_975369.jpg,1,,63,104,1.234128176573774,14,9,0,743.2340109862774,503.64789002537225,184.78765481642694,518.7866920920817,156.4071818795312,154.31837154857533,734.5400682257625,137.36370912245818,0.06526716546563197,-0.11751789504888538,3.1098567581416576,0.03510473186720509,0.08272591712218771,0.38989302274615373,0.014415466295976348,0.020965435345191248,-0.03774966804476531,0.9989632662989997
20260422_185651_468076.jpg,1,,63,104,1.235198493076671,14,9,0,740.5649736619778,503.4560723676924,181.14972069589965,518.8929596429066,152.93901456869128,153.85811230456179,731.6307223535596,136.77581028826887,0.06463787552979604,-0.11483565629722363,3.1096943440320426,0.033727325029639,0.08252319678754419,0.38934519406440105,0.01455320692370483,0.020765088263716053,-0.03689125793954036,0.9989975227022709
20260422_185823_549319.jpg,1,,63,104,1.2123317182219646,14,9,0,739.0575037275534,503.39416649947896,179.83953632508434,518.7239857192667,151.68809053626762,153.78807525037945,730.2241184688502,137.02096045263283,0.0637261191514185,-0.11516634966870556,3.110066140907842,0.033003585822892624,0.08256379263551131,0.3896600771842326,0.014370785150847607,0.02046983842690645,-0.03699325490594447,0.9990024851522584
20260422_190002_673508.jpg,1,,63,104,1.2332631968967847,14,9,0,746.9491640538981,503.2943106773919,187.8797465223809,518.5982317143778,159.75423609444078,153.72861660931414,738.4017689735371,136.87653534807768,0.06312489040175395,-0.11638406363808991,3.109953982516626,0.036945789282254206,0.08251467203890557,0.3897723840569004,0.01441028970780079,0.020277217425427044,-0.037385331653244584,0.9989912487010065
20260422_190133_909465.jpg,1,,63,104,1.256404884898616,14,9,0,741.9903404509856,503.2424701906492,182.65335722673677,518.7034329602801,154.58865986844876,153.6942707393203,733.2226917095704,136.89402994048842,0.06271170919183414,-0.11483730900518883,3.1099686537605193,0.03446992466934115,0.08249134933109323,0.38971111975791234,0.014435857886101596,0.0201448173270383,-0.03688906971362552,0.9990120063731046
20260422_190316_012721.jpg,1,,63,104,1.248049424307409,14,9,0,731.9144066794378,503.5921794315648,172.29721583807333,518.9596121538012,144.22451985253565,153.81833632602823,722.822889846187,137.1346906620705,0.06407139571469257,-0.11339036807149437,3.110210601923401,0.029422990977162156,0.0826271503397081,0.3894076503402685,0.014327678533027013,0.020580189412573623,-0.0364217951933528,0.999021834729597
20260422_190449_055893.jpg,1,,63,104,1.2118179511654197,14,9,0,739.2122932621453,503.4872639856005,179.94448947295348,518.730807824991,151.76768045857943,153.76740296063178,730.3750022239602,136.92436080604173,0.06462557648189513,-0.11530308413355118,3.110046278722455,0.033064503360033894,0.08256935967076529,0.3894721341131784,0.01436890483781272,0.0207587338421304,-0.03703713243278704,0.9989949250943119
20260422_190623_686814.jpg,1,,63,104,1.2631536857705683,14,9,0,738.6014917692677,503.51531954790204,179.06888652677947,518.763533151151,151.01620740514443,153.64294917971986,729.7777350949635,136.90443465616428,0.06410925415514586,-0.11457394277188467,3.110197498374674,0.03275280837490958,0.08256634428355693,0.3893845772460194,0.01431216783007667,0.02059214916009659,-0.03680160922960361,0.9990078912616676
20260422_190756_133737.jpg,1,,63,104,1.213841985065785,14,9,0,740.58899585821,503.5352641185531,181.9370273973716,518.8082454152571,153.7703548979987,154.26745235672254,731.7410309432676,137.30942635411367,0.06496856002457273,-0.11540704262576584,3.1098607590670406,0.03378093949535634,0.0826645942822838,0.38982854327200495,0.01445607562881555,0.020870048222260663,-0.03707255546186111,0.9989900342826958
20260422_190928_082700.jpg,1,,63,104,1.2104231925953255,14,9,0,734.7765038230762,503.44437004454113,174.9784156087543,518.8037136408457,146.74366764053877,153.51251298552248,725.7188256627713,136.61170965109943,0.06486890529067224,-0.11433338138279328,3.1099755872210473,0.03082567026125982,0.08248295389874533,0.38910614514480485,0.01441956710754939,0.02083755795786023,-0.03672681773195688,0.9990040105635549
20260422_191102_507840.jpg,1,,63,104,1.2407537665911652,14,9,0,741.0784755139846,503.3528580794334,181.02980356954447,518.623395638821,152.7523613340337,153.12681487096643,732.2628084949332,136.13835784849311,0.06489144157910529,-0.11559789831611773,3.1099268768917496,0.03394060839897611,0.08236734893905642,0.3888563122472139,0.014420313731273988,0.020844806968576785,-0.037133030454181266,0.998988832081532
20260422_191237_557724.jpg,1,,63,104,1.2390395677884234,14,9,0,744.4568103294419,503.26476379316745,184.9624769337272,518.5552857355558,156.64915746214444,153.40063644446434,735.7569329597158,136.37884649524602,0.06447393511521687,-0.11653767297724321,3.1098082553674717,0.035658618451853946,0.08240231438209863,0.38927374848516294,0.014466382213983988,0.02071129244125198,-0.03743599364830786,0.998979635693649
20260422_191409_751808.jpg,1,,63,104,1.2342059878329696,14,9,0,743.871992331242,503.39898259189124,185.19232327839774,518.8123686967236,157.04383180849607,154.23403916209796,735.1296356665537,137.29802449514412,0.06350740543731412,-0.11571077767597393,3.1097806765986573,0.03543452556806519,0.0826271155764849,0.39001473787982527,0.01450551487666184,0.020401310623234314,-0.03717127949989493,0.9989953315923744
20260422_191544_306097.jpg,1,,63,104,1.2577311904728412,14,9,0,743.3848159795216,503.52183954578857,184.2442240715144,518.6093138342237,156.21567975288065,153.74227345908938,734.7314927710137,136.872802257748,0.06508930289027405,-0.11542051014900258,3.1101256999688243,0.03513948761288024,0.08256750201456577,0.3894409521724808,0.014322228180580314,0.020907076873443006,-0.037073764371469135,0.9989911430597772
20260422_191715_589246.jpg,1,,63,104,1.2538905940464935,14,9,0,742.242976692422,503.3649487492807,183.0429856136164,518.6699238590629,154.97907120435116,153.7581907048803,733.5017890542122,136.90946968424137,0.06387008743696462,-0.11508233868756229,3.1100099029808126,0.03458665380783223,0.08252996087988039,0.3896121309827164,0.014398954245357375,0.02051644636173067,-0.036966923384849255,0.9990020981563478
20260422_191848_433532.jpg,1,,63,104,1.2543063583493734,14,9,0,745.0143724911098,503.4345241679961,185.89343881570989,518.6332191481713,157.87809117108714,153.75584244339936,736.4432957869657,136.9909668143881,0.063589565751482,-0.11570403546014933,3.1101444158266425,0.03597364159735233,0.08257161768112502,0.38968666469348384,0.014323114478896087,0.020425363626827904,-0.03716485510533404,0.998997710936985
20260422_192029_904931.jpg,1,,63,104,1.2095073442344488,14,9,0,741.2883196541188,503.366120834645,181.93574348701657,518.6997888566572,153.71838716272214,153.65602931598596,732.5185516598754,136.81824965815912,0.06372754863064257,-0.1157621094236132,3.1099795095893805,0.03410458336662327,0.08251763945998801,0.38953791218002304,0.014402994645973432,0.02047071178622529,-0.037185374750736994,0.9989948706619273
20260422_192202_785714.jpg,1,,62,100,1.2705055983976126,14,9,0,745.5374549404739,503.32411538250767,187.07074616815817,518.694806509679,158.86119596032222,154.24998516965567,736.8225651489495,137.18693981760538,0.0642084046194327,-0.1162549950640599,3.1096488884657156,0.03626597350767252,0.08258726488015584,0.39002500122035566,0.014554013555393677,0.02062713004964122,-0.03734724318911054,0.9989834260995115
20260422_192339_517648.jpg,1,,63,104,1.2822568703931796,14,9,0,739.7400270582549,503.3275019972293,180.99697612194223,518.7411313285718,152.61200789891393,154.0923095973353,730.8358273501788,137.1210752947054,0.06427191936325474,-0.1162765114755908,3.10971846552968,0.03336312009998325,0.08257656258369538,0.3898846360093854,0.01451820318851904,0.020647069933652052,-0.03735331522478502,0.9989833082294467
20260422_192510_741665.jpg,1,,63,104,1.3230785197795951,14,9,0,754.6501265628228,503.02581989999715,196.7656302276331,518.2507935373081,167.8088841614146,153.93488973769612,746.4675132164871,136.95900098089302,0.06278819897459229,-0.12336522486837034,3.109520269763564,0.040862512173739526,0.08252196817251653,0.39055314226871646,0.014495908651530503,0.020170148864800667,-0.039629978100527236,0.9989056504810102
20260422_192654_076782.jpg,1,,63,104,1.2306346470397886,14,9,0,747.3497995913875,503.45911688675835,188.82878808129743,518.6880313896681,160.62696111937657,154.2040281892843,738.7371914843709,137.1272795588804,0.06481230135343442,-0.1167424895835104,3.109720142298338,0.03715405230988057,0.0826151268507922,0.38986931993526586,0.014503043272162819,0.020820467003512592,-0.03750265152639254,0.9989743345142014
20260422_192825_764702.jpg,1,,63,104,1.2383026038399243,14,9,0,749.5762371435821,503.223535895134,190.61849091638265,518.3820791686959,162.53583320847343,153.57933879218308,741.1630102449329,136.70515883827503,0.063672653653186,-0.11685735143215406,3.110017278211177,0.0382503048677361,0.08246266573810343,0.3897311787960437,0.014364231478046559,0.020452580259576757,-0.037536276909484634,0.9989826768921196
20260422_192957_570147.jpg,1,,63,104,1.2490408677474099,14,9,0,749.6095340779867,503.33343173550054,191.13781251296132,518.578785525551,163.11702109163895,154.1507418463755,741.0780408005812,137.08803320501838,0.06431372758481244,-0.11607756185764789,3.1097575632975016,0.03828927810305901,0.08256574687519269,0.38996290979431053,0.014501954926022617,0.020660289786252443,-0.0372890229772186,0.9989856728175215
20260422_193130_153402.jpg,1,,63,104,1.2693866947007044,14,9,0,744.1109996080286,503.48162201460707,186.01696374512431,518.5575761765474,157.83271745353943,154.33029320206495,735.5224998174681,137.5287316699839,0.06470523999775772,-0.11707018950539246,3.110062482998066,0.03557293227595348,0.08271246474259264,0.39022865793836536,0.014327008987403597,0.020783775976318454,-0.03760376427426192,0.9989738376864766
20260422_193305_374691.jpg,1,,63,104,1.2447325559450788,14,9,0,741.9200901257823,503.3271422105586,183.60768834847693,518.5108035753049,155.50213640674326,154.17963371955264,733.1760541093986,137.28995018633745,0.06493082267111508,-0.11570821938533235,3.1099684496042066,0.034465421508013655,0.08260697239660042,0.39005915275566555,0.014397088598792672,0.020857152898917264,-0.037167926172833356,0.9989876116733584
20260422_193440_487063.jpg,1,,63,104,1.2230881512986227,14,9,0,736.5794813063411,503.407734134375,177.05185705109,518.7781332795248,148.88207355254644,153.68505710378764,727.5375656278279,136.67671791091308,0.06520124636423592,-0.11410122819847116,3.10985269799231,0.03173238932518924,0.08248364802463504,0.3892175681910583,0.014481737862549773,0.02094513238169083,-0.03665367554754871,0.9990035479250556
20260422_193614_164002.jpg,1,,63,104,1.2318888579555927,14,9,0,736.4679449411402,503.3883862914953,177.18752338604952,518.8515215526136,148.96354464736805,153.91148561697554,727.4029412260237,136.9133308200683,0.06463239312346225,-0.114364085752367,3.1097673493905007,0.03169877500602928,0.08253137036747399,0.38948625797827985,0.014525478125270525,0.020762965409689686,-0.036739124792289315,0.9990035768014672
20260422_193749_477641.jpg,1,,63,104,1.2591674387736587,14,9,0,741.730852620164,503.2677014606046,183.0804508847748,518.5440051312806,155.02887089901037,154.0212482576164,732.9046559577813,137.01496071374203,0.06507069707897745,-0.11479695468759424,3.1098457223437843,0.03434822570421901,0.08252298359829197,0.38979820870199855,0.01447379870539186,0.020903090721497857,-0.03687698558805987,0.9989963252601396
20260422_193923_078120.jpg,1,,63,104,1.2456409280867915,14,9,0,745.8676183120414,503.2178171177197,186.99593828173442,518.584895728191,158.70271068990553,153.84243864615397,737.1896036774226,136.8008482458513,0.06398110534456483,-0.11673601602698493,3.109684827575755,0.03640742557428409,0.0824806927945359,0.3897738514167256,0.014529401484325334,0.020553791784053296,-0.0375011928005458,0.998979528656289
20260422_194055_431799.jpg,1,,63,104,1.275300308047929,14,9,0,752.3550641683365,503.2096412235175,193.47046847066048,518.4395421646916,165.37328165920354,153.69968718710246,743.9547392876647,136.63736004958074,0.06385830187689323,-0.11695194828274397,3.1097705887961427,0.03963222825713417,0.08244357646294606,0.38971674808467394,0.014483772919758026,0.02051375350596688,-0.03756948381965831,0.9989784482783549
20260422_194234_650083.jpg,1,,63,104,1.2550912102808913,14,9,0,745.7565142946287,503.30253610337826,187.13636416515698,518.5607759540264,159.0764884101842,154.0273907682617,737.117181186931,137.0703060623764,0.06425005797603688,-0.11575412476094755,3.1098730508022334,0.03636479546413306,0.08255224081796438,0.3899130340595066,0.014450948806634426,0.020639175156943697,-0.03718392996580568,0.99899076566289
20260422_194412_074743.jpg,1,,63,104,1.2486824116409658,14,9,0,746.5846123323713,503.23290314300846,187.0553650769753,518.4334804319698,158.8453087962223,153.27541656368774,737.9598070820698,136.18828162899842,0.06504738702581263,-0.11629536733166072,3.1098253882476166,0.03670397426758556,0.08234999991651094,0.3891317667176558,0.014456390409376964,0.020895374191294447,-0.03735792209677516,0.9989788695314574
20260422_194546_170840.jpg,1,,63,104,1.2205607564200527,14,9,0,739.3224952267069,503.3193769450844,180.04796288395812,518.6938950832864,151.99777596117815,153.75588631960767,730.4406740796578,136.89047225273868,0.06401098678885327,-0.11427995277202548,3.10997771877088,0.033128043912162605,0.08250673771522285,0.3895681912091077,0.01442836267603551,0.0205620861127859,-0.03670985791259023,0.9990102148112484
20260422_194719_728809.jpg,1,,63,104,1.2698499416095304,14,9,0,745.7482955617292,503.160140124111,187.09596590978026,518.3838402484462,158.9203798769015,153.75653412032307,737.2346612879279,137.03555046416565,0.0630542453167031,-0.11705461535668187,3.110090483997627,0.036377697581016104,0.08251964622392355,0.3900905551866539,0.014330253665200165,0.020253506212815464,-0.037598838388400516,0.9989848680875109
20260422_194853_098914.jpg,1,,63,104,1.2089050363250882,14,9,0,737.1552836445412,503.39795375196945,177.52278087405983,518.7773661568725,149.32915955696956,153.6459913512753,728.0181768328198,136.36309678739718,0.06660647125924604,-0.11367810878619643,3.109592302677744,0.03199255759455125,0.08240886162663082,0.3888948637197908,0.014604670253052024,0.02139819647595636,-0.03652057316404524,0.9989970312919582
20260422_195025_497339.jpg,1,,63,104,1.2401996780604487,14,9,0,741.4946777661037,503.2897355474605,183.2531674619887,518.5520830770447,155.07795206799756,154.2534125805264,732.7219532312587,137.37303357652812,0.06447156476303928,-0.11596927263207395,3.1099048522371584,0.03426473288209299,0.0826171987462577,0.390188607734117,0.014428770671936287,0.020710041709036755,-0.03725252337219193,0.9989870641062931
20260422_195156_570204.jpg,1,,63,104,1.2442711799243253,14,9,0,742.663675536916,503.32842912485444,183.43858592811728,518.6148882122226,155.24811797604616,153.73039953185915,733.7372900671894,136.38220812241855,0.06671267577585616,-0.11481265613302764,3.1095273176255067,0.03475090154082156,0.08240301773490709,0.38910355823322185,0.014615172145220108,0.021432457422685472,-0.036885304562271744,0.9989827430037712
