排序,搜索起始_rx_度,搜索起始_ry_度,搜索起始_rz_度,收敛结束_rx_度,收敛结束_ry_度,收敛结束_rz_度,覆盖程度,loss
1,0.0,45.0,0.0,16.575571218674597,-19.462121369291058,-0.6180405489644166,0.0107,0.005367758534829455
2,180.0,135.0,180.0,16.57557121867464,-19.462121369291054,-0.6180405489644258,0.0107,0.005367758534829487
3,315.0,315.0,0.0,20.980285638314264,-36.45374883515729,-19.389790270871803,0.0107,0.005728978428046062
4,135.0,225.0,180.0,20.98028563831432,-36.4537488351573,-19.38979027087176,0.0107,0.005728978428046097
5,0.0,315.0,0.0,21.149759488148174,-33.738898975573164,-24.159554307744937,0.0101,0.005716693453407378
6,180.0,225.0,180.0,21.149759488148177,-33.73889897557314,-24.15955430774486,0.0101,0.0057166934534074185
7,225.0,225.0,180.0,21.25148896547955,-33.687481939392995,-24.39749625832453,0.01005,0.005694368678267914
8,45.0,315.0,0.0,21.251488965479542,-33.687481939393095,-24.397496258324548,0.01005,0.005694368678267951
9,0.0,270.0,180.0,-105.14385288147791,-69.87761970553147,-82.98651481574072,0.0098,0.005354753031492095
10,90.0,270.0,90.0,-105.14385288147793,-69.87761970553147,-82.98651481574072,0.0098,0.0053547530314921
11,180.0,270.0,0.0,-105.14385288147795,-69.87761970553147,-82.98651481574072,0.0098,0.005354753031492105
12,225.0,270.0,315.0,-105.14385288147798,-69.87761970553146,-82.98651481574072,0.0098,0.005354753031492108
13,315.0,270.0,225.0,-105.14385288147794,-69.87761970553146,-82.98651481574065,0.0098,0.005354753031492108
14,45.0,270.0,135.0,-105.14385288147793,-69.87761970553147,-82.98651481574072,0.0098,0.00535475303149211
15,270.0,270.0,270.0,-105.14385288147798,-69.87761970553146,-82.9865148157406,0.0098,0.005354753031492121
16,135.0,270.0,45.0,-105.14385288147804,-69.87761970553147,-82.98651481574065,0.0098,0.005354753031492132
17,225.0,315.0,0.0,47.041336274765484,-66.2482860957419,-54.82277840694545,0.00945,0.00564739538540244
18,45.0,225.0,180.0,47.041336274765925,-66.24828609574193,-54.82277840694559,0.00945,0.005647395385402452
19,90.0,225.0,180.0,47.09835026349421,-66.270312624066,-54.8705003207001,0.00945,0.00565160044433047
20,270.0,315.0,0.0,47.09835026349428,-66.27031262406602,-54.87050032070008,0.00945,0.005651600444330472
21,180.0,180.0,180.0,17.972229777200084,2.4053627657558954,-11.02011476431007,0.0093,0.00557362629614197
22,0.0,0.0,0.0,17.97222977720015,2.4053627657559447,-11.020114764310033,0.0093,0.005573626296141976
23,225.0,180.0,225.0,-147.3077188468619,-43.483158088468585,-41.77467695782147,0.00915,0.00564538898481666
24,45.0,0.0,45.0,-147.3077188468619,-43.48315808846849,-41.77467695782147,0.00915,0.005645388984816702
25,225.0,225.0,270.0,-22.18281421854157,-34.638772450247885,-178.72934475255613,0.00865,0.005919965717455744
26,45.0,315.0,90.0,-22.182814218541484,-34.63877245024786,-178.7293447525561,0.00865,0.005919965717455789
27,315.0,315.0,270.0,-61.71029719841285,-61.02291612128631,-76.05581073820773,0.0077,0.00495691031818942
28,135.0,225.0,90.0,-61.71029719841282,-61.022916121286315,-76.05581073820773,0.0077,0.004956910318189459
29,270.0,225.0,180.0,-113.10041103190369,-69.51909652824541,-109.37384080051591,0.0077,0.005475943806975293
30,90.0,315.0,0.0,-113.10041103190366,-69.51909652824544,-109.37384080051581,0.0077,0.005475943806975314
31,135.0,315.0,0.0,-113.09787757947628,-69.51884288241506,-109.37580771994315,0.0077,0.00547599613656112
32,315.0,225.0,180.0,-113.09787757947608,-69.51884288241504,-109.37580771994325,0.0077,0.0054759961365611395
33,0.0,225.0,180.0,-69.99127215131193,-64.08425999133861,-148.77616003304405,0.0075,0.0057080832785035155
34,180.0,315.0,0.0,-69.99127215131195,-64.08425999133861,-148.77616003304405,0.0075,0.005708083278503537
35,180.0,225.0,0.0,-32.147394594340994,-9.67239601187115,-151.1906793581916,0.00745,0.005923987658925976
36,0.0,315.0,180.0,-32.147394594340966,-9.672396011871106,-151.19067935819155,0.00745,0.005923987658926006
37,45.0,0.0,90.0,82.23558251843535,49.254779918452485,62.705970149213215,0.00715,0.005434444558584282
38,225.0,180.0,270.0,82.23558251843528,49.25477991845254,62.70597014921334,0.00715,0.005434444558584349
39,135.0,180.0,90.0,-47.002438178149106,-36.9755861875161,-155.92276586319687,0.00655,0.005891088032732015
40,315.0,0.0,270.0,-47.002438178149085,-36.97558618751601,-155.9227658631969,0.00655,0.0058910880327320185
41,0.0,0.0,45.0,0.0,-0.0,45.0,0.0,0.0
42,0.0,0.0,90.0,0.0,-0.0,90.0,0.0,0.0
43,0.0,0.0,135.0,0.0,-0.0,135.0,0.0,0.0
44,0.0,0.0,180.0,0.0,-0.0,180.0,0.0,0.0
45,0.0,0.0,225.0,0.0,-0.0,-135.00000000000003,0.0,0.0
46,0.0,0.0,270.0,0.0,-0.0,-90.00000000000001,0.0,0.0
47,0.0,0.0,315.0,0.0,-0.0,-45.000000000000014,0.0,0.0
48,0.0,45.0,45.0,-4.349702147752948e-15,45.0,45.0,0.0,0.0
49,0.0,45.0,90.0,0.0,45.0,90.0,0.0,0.0
50,0.0,45.0,135.0,-9.144248551431883e-15,45.0,135.0,0.0,0.0
51,0.0,45.0,180.0,-2.9064161546825516e-15,45.0,180.0,0.0,0.0
52,0.0,45.0,225.0,4.6462649850369406e-15,45.0,-135.0,0.0,0.0
53,0.0,45.0,270.0,-8.995967132789888e-15,45.0,-90.00000000000003,0.0,0.0
54,0.0,45.0,315.0,1.0766801899421297e-14,45.0,-45.0,0.0,0.0
55,0.0,90.0,0.0,0.0,90.0,0.0,0.0,0.0
56,0.0,90.0,45.0,-45.0,90.0,0.0,0.0,0.0
57,0.0,90.0,90.0,-90.0,90.0,0.0,0.0,0.0
58,0.0,90.0,135.0,-135.0,90.0,0.0,0.0,0.0
59,0.0,90.0,180.0,-180.0,90.0,0.0,0.0,0.0
60,0.0,90.0,225.0,135.0,90.0,0.0,0.0,0.0
61,0.0,90.0,270.0,90.00000000000001,90.0,0.0,0.0,0.0
62,0.0,90.0,315.0,45.000000000000014,90.0,0.0,0.0,0.0
63,0.0,135.0,0.0,180.0,45.00000000000001,180.0,0.0,0.0
64,0.0,135.0,45.0,180.0,45.0,-135.0,0.0,0.0
65,0.0,135.0,90.0,180.0,45.00000000000001,-90.0,0.0,0.0
66,0.0,135.0,135.0,-180.0,45.0,-45.0,0.0,0.0
67,0.0,135.0,180.0,-180.0,45.00000000000001,-7.016709298534876e-15,0.0,0.0
68,0.0,135.0,225.0,180.0,45.0,44.99999999999999,0.0,0.0
69,0.0,135.0,270.0,180.0,45.00000000000001,89.99999999999999,0.0,0.0
70,0.0,135.0,315.0,-180.0,45.00000000000001,134.99999999999997,0.0,0.0
71,0.0,180.0,0.0,180.0,7.016709298534876e-15,180.0,0.0,0.0
72,0.0,180.0,45.0,180.0,7.0167092985348775e-15,-135.0,0.0,0.0
73,0.0,180.0,90.0,-180.0,7.016709298534876e-15,-90.0,0.0,0.0
74,0.0,180.0,135.0,180.0,7.016709298534876e-15,-45.00000000000001,0.0,0.0
75,0.0,180.0,180.0,180.0,7.016709298534876e-15,-7.016709298534876e-15,0.0,0.0
76,0.0,180.0,225.0,-180.0,7.016709298534876e-15,44.99999999999999,0.0,0.0
77,0.0,180.0,270.0,-180.0,7.016709298534876e-15,89.99999999999999,0.0,0.0
78,0.0,180.0,315.0,180.0,7.016709298534876e-15,135.0,0.0,0.0
79,0.0,225.0,0.0,180.0,-44.99999999999999,180.0,0.0,0.0
80,0.0,225.0,45.0,-180.0,-44.999999999999986,-135.0,0.0,0.0
81,0.0,225.0,90.0,180.0,-44.99999999999999,-90.0,0.0,0.0
82,0.0,225.0,135.0,180.0,-44.999999999999986,-45.0,0.0,0.0
83,0.0,225.0,225.0,-180.0,-44.999999999999986,45.0,0.0,0.0
84,0.0,225.0,270.0,180.0,-44.99999999999999,89.99999999999999,0.0,0.0
85,0.0,225.0,315.0,180.0,-44.99999999999999,135.0,0.0,0.0
86,0.0,270.0,0.0,180.0,-90.00000000000001,0.0,0.0,0.0
87,0.0,270.0,45.0,-135.00000000000003,-90.00000000000001,0.0,0.0,0.0
88,0.0,270.0,90.0,-90.0,-90.00000000000001,0.0,0.0,0.0
89,0.0,270.0,135.0,-45.00000000000001,-90.00000000000001,0.0,0.0,0.0
90,0.0,270.0,225.0,45.0,-90.00000000000001,0.0,0.0,0.0
91,0.0,270.0,270.0,89.99999999999999,-90.00000000000001,0.0,0.0,0.0
92,0.0,270.0,315.0,135.0,-90.00000000000001,0.0,0.0,0.0
93,0.0,315.0,45.0,3.804005236152288e-15,-45.000000000000014,44.999999999999986,0.0,0.0
94,0.0,315.0,90.0,0.0,-45.000000000000014,90.0,0.0,0.0
95,0.0,315.0,135.0,-9.876661678588917e-15,-45.00000000000002,135.0,0.0,0.0
96,0.0,315.0,225.0,3.804005236152288e-15,-45.000000000000014,-135.00000000000003,0.0,0.0
97,0.0,315.0,270.0,8.995967132789893e-15,-45.000000000000014,-90.00000000000003,0.0,0.0
98,0.0,315.0,315.0,-1.0859092929321977e-14,-45.000000000000014,-45.00000000000001,0.0,0.0
99,45.0,0.0,0.0,45.0,-0.0,0.0,0.0,0.0
100,45.0,0.0,135.0,45.0,-0.0,135.0,0.0,0.0
101,45.0,0.0,180.0,45.0,-0.0,180.0,0.0,0.0
102,45.0,0.0,225.0,45.0,-0.0,-135.00000000000003,0.0,0.0
103,45.0,0.0,270.0,45.0,-0.0,-90.00000000000001,0.0,0.0
104,45.0,0.0,315.0,44.99999999999998,-0.0,-45.000000000000014,0.0,0.0
105,45.0,45.0,0.0,44.99999999999997,45.0,0.0,0.0,0.0
106,45.0,45.0,45.0,45.000000000000014,45.0,45.0,0.0,0.0
107,45.0,45.0,90.0,44.99999999999999,45.0,90.0,0.0,0.0
108,45.0,45.0,135.0,44.99999999999999,45.0,135.0,0.0,0.0
109,45.0,45.0,180.0,45.00000000000001,45.0,180.0,0.0,0.0
110,45.0,45.0,225.0,45.000000000000014,45.0,-135.0,0.0,0.0
111,45.0,45.0,270.0,44.99999999999999,45.0,-90.00000000000003,0.0,0.0
112,45.0,45.0,315.0,45.00000000000002,45.0,-45.0,0.0,0.0
113,45.0,90.0,0.0,45.0,90.0,0.0,0.0,0.0
114,45.0,90.0,45.0,-5.81353709964777e-16,90.0,0.0,0.0,0.0
115,45.0,90.0,90.0,-45.00000000000001,90.0,0.0,0.0,0.0
116,45.0,90.0,135.0,-90.0,90.0,0.0,0.0,0.0
117,45.0,90.0,180.0,-135.0,90.0,0.0,0.0,0.0
118,45.0,90.0,225.0,-180.0,90.0,0.0,0.0,0.0
119,45.0,90.0,270.0,135.0,90.0,0.0,0.0,0.0
120,45.0,90.0,315.0,90.00000000000001,90.0,0.0,0.0,0.0
121,45.0,135.0,0.0,-135.0,45.00000000000001,180.0,0.0,0.0
122,45.0,135.0,45.0,-135.0,45.0,-135.0,0.0,0.0
123,45.0,135.0,90.0,-135.0,45.00000000000001,-90.0,0.0,0.0
124,45.0,135.0,135.0,-135.0,45.0,-45.0,0.0,0.0
125,45.0,135.0,180.0,-135.0,45.00000000000001,-7.016709298534876e-15,0.0,0.0
126,45.0,135.0,225.0,-135.0,45.0,44.99999999999999,0.0,0.0
127,45.0,135.0,270.0,-135.00000000000003,45.00000000000001,89.99999999999999,0.0,0.0
128,45.0,135.0,315.0,-135.00000000000003,45.00000000000001,134.99999999999997,0.0,0.0
129,45.0,180.0,0.0,-135.0,7.016709298534876e-15,180.0,0.0,0.0
130,45.0,180.0,45.0,-135.0,7.0167092985348775e-15,-135.0,0.0,0.0
131,45.0,180.0,90.0,-135.0,7.016709298534876e-15,-90.0,0.0,0.0
132,45.0,180.0,135.0,-135.00000000000003,7.016709298534876e-15,-45.00000000000001,0.0,0.0
133,45.0,180.0,180.0,-135.0,7.016709298534876e-15,-7.016709298534876e-15,0.0,0.0
134,45.0,180.0,225.0,-135.00000000000003,7.016709298534876e-15,44.99999999999999,0.0,0.0
135,45.0,180.0,270.0,-135.00000000000003,7.016709298534876e-15,89.99999999999999,0.0,0.0
136,45.0,180.0,315.0,-135.00000000000003,7.016709298534876e-15,135.0,0.0,0.0
137,45.0,225.0,0.0,-135.0,-44.99999999999999,180.0,0.0,0.0
138,45.0,225.0,45.0,-135.0,-44.999999999999986,-135.0,0.0,0.0
139,45.0,225.0,90.0,-135.00000000000003,-44.99999999999999,-90.0,0.0,0.0
140,45.0,225.0,135.0,-135.00000000000003,-44.999999999999986,-45.0,0.0,0.0
141,45.0,225.0,225.0,-135.00000000000003,-44.999999999999986,45.0,0.0,0.0
142,45.0,225.0,270.0,-135.00000000000003,-44.99999999999999,89.99999999999999,0.0,0.0
143,45.0,225.0,315.0,-135.0,-44.99999999999999,135.0,0.0,0.0
144,45.0,270.0,0.0,-135.0,-90.00000000000001,0.0,0.0,0.0
145,45.0,270.0,45.0,-90.00000000000001,-90.00000000000001,0.0,0.0,0.0
146,45.0,270.0,90.0,-45.00000000000001,-90.00000000000001,0.0,0.0,0.0
147,45.0,270.0,180.0,44.99999999999998,-90.00000000000001,0.0,0.0,0.0
148,45.0,270.0,225.0,89.99999999999999,-90.00000000000001,0.0,0.0,0.0
149,45.0,270.0,270.0,134.99999999999997,-90.00000000000001,0.0,0.0,0.0
150,45.0,270.0,315.0,180.0,-90.00000000000001,0.0,0.0,0.0
151,45.0,315.0,45.0,45.0,-45.000000000000014,44.999999999999986,0.0,0.0
152,45.0,315.0,135.0,44.99999999999998,-45.00000000000002,135.0,0.0,0.0
153,45.0,315.0,180.0,44.99999999999999,-45.000000000000014,180.0,0.0,0.0
154,45.0,315.0,225.0,45.000000000000014,-45.000000000000014,-135.00000000000003,0.0,0.0
155,45.0,315.0,270.0,45.00000000000001,-45.000000000000014,-90.00000000000003,0.0,0.0
156,45.0,315.0,315.0,44.99999999999999,-45.000000000000014,-45.00000000000001,0.0,0.0
157,90.0,0.0,0.0,90.0,-0.0,0.0,0.0,0.0
158,90.0,0.0,45.0,90.0,-0.0,45.0,0.0,0.0
159,90.0,0.0,90.0,90.0,-0.0,90.0,0.0,0.0
160,90.0,0.0,135.0,90.0,-0.0,135.0,0.0,0.0
161,90.0,0.0,180.0,90.0,-0.0,180.0,0.0,0.0
162,90.0,0.0,225.0,90.0,-0.0,-135.00000000000003,0.0,0.0
163,90.0,0.0,270.0,90.0,-0.0,-90.00000000000001,0.0,0.0
164,90.0,0.0,315.0,90.0,-0.0,-45.000000000000014,0.0,0.0
165,90.0,45.0,0.0,90.0,45.0,0.0,0.0,0.0
166,90.0,45.0,45.0,90.00000000000001,45.0,45.0,0.0,0.0
167,90.0,45.0,90.0,90.0,45.0,90.0,0.0,0.0
168,90.0,45.0,135.0,89.99999999999999,45.0,135.0,0.0,0.0
169,90.0,45.0,180.0,90.0,45.0,180.0,0.0,0.0
170,90.0,45.0,225.0,90.0,45.0,-135.0,0.0,0.0
171,90.0,45.0,270.0,90.0,45.0,-90.00000000000003,0.0,0.0
172,90.0,45.0,315.0,90.0,45.0,-45.0,0.0,0.0
173,90.0,90.0,0.0,90.0,90.0,0.0,0.0,0.0
174,90.0,90.0,45.0,45.00000000000001,90.0,0.0,0.0,0.0
175,90.0,90.0,90.0,0.0,90.0,0.0,0.0,0.0
176,90.0,90.0,135.0,-45.0,90.0,0.0,0.0,0.0
177,90.0,90.0,180.0,-90.0,90.0,0.0,0.0,0.0
178,90.0,90.0,225.0,-135.0,90.0,0.0,0.0,0.0
179,90.0,90.0,270.0,-180.0,90.0,0.0,0.0,0.0
180,90.0,90.0,315.0,135.00000000000003,90.0,0.0,0.0,0.0
181,90.0,135.0,0.0,-90.00000000000001,45.00000000000001,180.0,0.0,0.0
182,90.0,135.0,45.0,-90.00000000000001,45.0,-135.0,0.0,0.0
183,90.0,135.0,90.0,-90.0,45.00000000000001,-90.0,0.0,0.0
184,90.0,135.0,135.0,-90.00000000000001,45.0,-45.0,0.0,0.0
185,90.0,135.0,180.0,-90.00000000000001,45.00000000000001,-7.016709298534876e-15,0.0,0.0
186,90.0,135.0,225.0,-90.00000000000001,45.0,44.99999999999999,0.0,0.0
187,90.0,135.0,270.0,-90.00000000000001,45.00000000000001,89.99999999999999,0.0,0.0
188,90.0,135.0,315.0,-90.00000000000001,45.00000000000001,134.99999999999997,0.0,0.0
189,90.0,180.0,0.0,-90.0,7.016709298534876e-15,180.0,0.0,0.0
190,90.0,180.0,45.0,-90.00000000000001,7.0167092985348775e-15,-135.0,0.0,0.0
191,90.0,180.0,90.0,-90.00000000000001,7.016709298534876e-15,-90.0,0.0,0.0
192,90.0,180.0,135.0,-90.00000000000001,7.016709298534876e-15,-45.00000000000001,0.0,0.0
193,90.0,180.0,180.0,-90.0,7.016709298534876e-15,-7.016709298534876e-15,0.0,0.0
194,90.0,180.0,225.0,-90.00000000000001,7.016709298534876e-15,44.99999999999999,0.0,0.0
195,90.0,180.0,270.0,-90.00000000000001,7.016709298534876e-15,89.99999999999999,0.0,0.0
196,90.0,180.0,315.0,-90.00000000000001,7.016709298534876e-15,135.0,0.0,0.0
197,90.0,225.0,0.0,-90.00000000000001,-44.99999999999999,180.0,0.0,0.0
198,90.0,225.0,45.0,-90.00000000000001,-44.999999999999986,-135.0,0.0,0.0
199,90.0,225.0,90.0,-90.0,-44.99999999999999,-90.0,0.0,0.0
200,90.0,225.0,135.0,-90.00000000000003,-44.999999999999986,-45.0,0.0,0.0
201,90.0,225.0,225.0,-90.0,-44.999999999999986,45.0,0.0,0.0
202,90.0,225.0,270.0,-90.00000000000001,-44.99999999999999,89.99999999999999,0.0,0.0
203,90.0,225.0,315.0,-90.0,-44.99999999999999,135.0,0.0,0.0
204,90.0,270.0,0.0,-90.0,-90.0,0.0,0.0,0.0
205,90.0,270.0,45.0,-45.0,-90.0,0.0,0.0,0.0
206,90.0,270.0,135.0,44.999999999999986,-90.0,0.0,0.0,0.0
207,90.0,270.0,180.0,89.99999999999999,-90.0,0.0,0.0,0.0
208,90.0,270.0,225.0,135.0,-90.0,0.0,0.0,0.0
209,90.0,270.0,270.0,180.0,-90.0,0.0,0.0,0.0
210,90.0,270.0,315.0,-135.00000000000003,-90.0,0.0,0.0,0.0
211,90.0,315.0,45.0,90.00000000000003,-45.000000000000014,44.999999999999986,0.0,0.0
212,90.0,315.0,90.0,90.00000000000001,-45.000000000000014,90.0,0.0,0.0
213,90.0,315.0,135.0,89.99999999999999,-45.00000000000002,135.0,0.0,0.0
214,90.0,315.0,180.0,90.0,-45.000000000000014,180.0,0.0,0.0
215,90.0,315.0,225.0,90.00000000000001,-45.000000000000014,-135.00000000000003,0.0,0.0
216,90.0,315.0,270.0,90.0,-45.000000000000014,-90.00000000000003,0.0,0.0
217,90.0,315.0,315.0,89.99999999999997,-45.000000000000014,-45.00000000000001,0.0,0.0
218,135.0,0.0,0.0,135.0,-0.0,0.0,0.0,0.0
219,135.0,0.0,45.0,135.00000000000003,-0.0,45.0,0.0,0.0
220,135.0,0.0,90.0,135.0,-0.0,90.0,0.0,0.0
221,135.0,0.0,135.0,135.0,-0.0,135.0,0.0,0.0
222,135.0,0.0,180.0,135.0,-0.0,180.0,0.0,0.0
223,135.0,0.0,225.0,135.0,-0.0,-135.00000000000003,0.0,0.0
224,135.0,0.0,270.0,135.0,-0.0,-90.00000000000001,0.0,0.0
225,135.0,0.0,315.0,135.00000000000003,-0.0,-45.000000000000014,0.0,0.0
226,135.0,45.0,0.0,135.0,45.0,0.0,0.0,0.0
227,135.0,45.0,45.0,135.00000000000003,45.0,45.0,0.0,0.0
228,135.0,45.0,90.0,135.0,45.0,90.0,0.0,0.0
229,135.0,45.0,135.0,135.0,45.0,135.0,0.0,0.0
230,135.0,45.0,180.0,135.0,45.0,180.0,0.0,0.0
231,135.0,45.0,225.0,135.0,45.0,-135.0,0.0,0.0
232,135.0,45.0,270.0,135.0,45.0,-90.00000000000003,0.0,0.0
233,135.0,45.0,315.0,135.0,45.0,-45.0,0.0,0.0
234,135.0,90.0,0.0,135.0,90.0,0.0,0.0,0.0
235,135.0,90.0,45.0,90.0,90.0,0.0,0.0,0.0
236,135.0,90.0,90.0,45.0,90.0,0.0,0.0,0.0
237,135.0,90.0,135.0,5.81353709964777e-16,90.0,0.0,0.0,0.0
238,135.0,90.0,180.0,-45.0,90.0,0.0,0.0,0.0
239,135.0,90.0,225.0,-89.99999999999999,90.0,0.0,0.0,0.0
240,135.0,90.0,270.0,-135.0,90.0,0.0,0.0,0.0
241,135.0,90.0,315.0,-180.0,90.0,0.0,0.0,0.0
242,135.0,135.0,0.0,-45.00000000000001,45.00000000000001,180.0,0.0,0.0
243,135.0,135.0,45.0,-45.0,45.0,-135.0,0.0,0.0
244,135.0,135.0,90.0,-45.0,45.00000000000001,-90.0,0.0,0.0
245,135.0,135.0,135.0,-45.0,45.0,-45.0,0.0,0.0
246,135.0,135.0,180.0,-44.99999999999999,45.00000000000001,-7.016709298534876e-15,0.0,0.0
247,135.0,135.0,225.0,-45.00000000000001,45.0,44.99999999999999,0.0,0.0
248,135.0,135.0,270.0,-45.00000000000001,45.00000000000001,89.99999999999999,0.0,0.0
249,135.0,135.0,315.0,-45.00000000000002,45.00000000000001,134.99999999999997,0.0,0.0
250,135.0,180.0,0.0,-45.00000000000001,7.016709298534876e-15,180.0,0.0,0.0
251,135.0,180.0,45.0,-45.0,7.0167092985348775e-15,-135.0,0.0,0.0
252,135.0,180.0,135.0,-45.0,7.016709298534876e-15,-45.00000000000001,0.0,0.0
253,135.0,180.0,180.0,-45.00000000000001,7.016709298534876e-15,-7.016709298534876e-15,0.0,0.0
254,135.0,180.0,225.0,-45.000000000000014,7.016709298534876e-15,44.99999999999999,0.0,0.0
255,135.0,180.0,270.0,-45.00000000000001,7.016709298534876e-15,89.99999999999999,0.0,0.0
256,135.0,180.0,315.0,-45.0,7.016709298534876e-15,135.0,0.0,0.0
257,135.0,225.0,0.0,-45.0,-44.99999999999999,180.0,0.0,0.0
258,135.0,225.0,45.0,-45.0,-44.999999999999986,-135.0,0.0,0.0
259,135.0,225.0,135.0,-45.00000000000003,-44.999999999999986,-45.0,0.0,0.0
260,135.0,225.0,225.0,-45.000000000000014,-44.999999999999986,45.0,0.0,0.0
261,135.0,225.0,270.0,-45.00000000000002,-44.99999999999999,89.99999999999999,0.0,0.0
262,135.0,225.0,315.0,-45.000000000000014,-44.99999999999999,135.0,0.0,0.0
263,135.0,270.0,0.0,-45.00000000000001,-90.0,0.0,0.0,0.0
264,135.0,270.0,90.0,44.999999999999986,-90.0,0.0,0.0,0.0
265,135.0,270.0,135.0,89.99999999999999,-90.0,0.0,0.0,0.0
266,135.0,270.0,180.0,135.0,-90.0,0.0,0.0,0.0
267,135.0,270.0,225.0,180.0,-89.99999999999999,0.0,0.0,0.0
268,135.0,270.0,270.0,-135.00000000000003,-90.0,0.0,0.0,0.0
269,135.0,270.0,315.0,-90.00000000000001,-90.0,0.0,0.0,0.0
270,135.0,315.0,45.0,135.00000000000003,-45.000000000000014,44.999999999999986,0.0,0.0
271,135.0,315.0,90.0,135.0,-45.000000000000014,90.0,0.0,0.0
272,135.0,315.0,135.0,134.99999999999997,-45.00000000000002,135.0,0.0,0.0
273,135.0,315.0,180.0,135.0,-45.000000000000014,180.0,0.0,0.0
274,135.0,315.0,225.0,135.0,-45.000000000000014,-135.00000000000003,0.0,0.0
275,135.0,315.0,270.0,135.0,-45.000000000000014,-90.00000000000003,0.0,0.0
276,135.0,315.0,315.0,135.0,-45.000000000000014,-45.00000000000001,0.0,0.0
277,180.0,0.0,0.0,180.0,-0.0,0.0,0.0,0.0
278,180.0,0.0,45.0,180.0,-0.0,45.0,0.0,0.0
279,180.0,0.0,90.0,180.0,-0.0,90.0,0.0,0.0
280,180.0,0.0,135.0,180.0,-0.0,135.0,0.0,0.0
281,180.0,0.0,180.0,180.0,-0.0,180.0,0.0,0.0
282,180.0,0.0,225.0,180.0,-0.0,-135.00000000000003,0.0,0.0
283,180.0,0.0,270.0,180.0,-0.0,-90.00000000000001,0.0,0.0
284,180.0,0.0,315.0,180.0,-0.0,-45.000000000000014,0.0,0.0
285,180.0,45.0,0.0,180.0,45.0,0.0,0.0,0.0
286,180.0,45.0,45.0,179.99999999999997,45.0,45.0,0.0,0.0
287,180.0,45.0,90.0,180.0,45.0,90.0,0.0,0.0
288,180.0,45.0,135.0,180.0,45.0,135.0,0.0,0.0
289,180.0,45.0,180.0,180.0,45.0,180.0,0.0,0.0
290,180.0,45.0,225.0,180.0,45.0,-135.0,0.0,0.0
291,180.0,45.0,270.0,180.0,45.0,-90.00000000000003,0.0,0.0
292,180.0,45.0,315.0,-180.0,45.0,-45.0,0.0,0.0
293,180.0,90.0,0.0,180.0,90.0,0.0,0.0,0.0
294,180.0,90.0,45.0,135.0,90.0,0.0,0.0,0.0
295,180.0,90.0,90.0,90.0,90.00000000000001,0.0,0.0,0.0
296,180.0,90.0,135.0,45.00000000000001,90.0,0.0,0.0,0.0
297,180.0,90.0,180.0,4.296495291499103e-31,90.0,0.0,0.0,0.0
298,180.0,90.0,225.0,-45.00000000000001,90.0,0.0,0.0,0.0
299,180.0,90.0,270.0,-90.0,90.00000000000001,0.0,0.0,0.0
300,180.0,90.0,315.0,-135.0,90.0,0.0,0.0,0.0
301,180.0,135.0,0.0,-7.016709298534876e-15,45.00000000000001,180.0,0.0,0.0
302,180.0,135.0,45.0,-1.067960258129983e-14,45.0,-135.0,0.0,0.0
303,180.0,135.0,90.0,5.864715940010809e-15,45.00000000000001,-90.0,0.0,0.0
304,180.0,135.0,135.0,-3.3288361001055143e-15,45.0,-45.0,0.0,0.0
305,180.0,135.0,225.0,-1.4663098165474264e-14,45.0,44.99999999999999,0.0,0.0
306,180.0,135.0,270.0,-8.99596713278989e-15,45.00000000000001,89.99999999999999,0.0,0.0
307,180.0,135.0,315.0,-4.934717905527348e-15,45.00000000000001,134.99999999999997,0.0,0.0
308,180.0,180.0,0.0,-7.016709298534876e-15,7.016709298534876e-15,180.0,0.0,0.0
309,180.0,180.0,45.0,-7.016709298534876e-15,7.0167092985348775e-15,-135.0,0.0,0.0
310,180.0,180.0,90.0,-7.016709298534876e-15,7.016709298534876e-15,-90.0,0.0,0.0
311,180.0,180.0,135.0,-2.906416154682552e-15,7.016709298534876e-15,-45.00000000000001,0.0,0.0
312,180.0,180.0,225.0,-9.815802571171516e-15,7.016709298534876e-15,44.99999999999999,0.0,0.0
313,180.0,180.0,270.0,-7.016709298534875e-15,7.016709298534876e-15,89.99999999999999,0.0,0.0
314,180.0,180.0,315.0,-7.016709298534875e-15,7.016709298534876e-15,135.0,0.0,0.0
315,180.0,225.0,45.0,-7.795610737120311e-15,-44.999999999999986,-135.0,0.0,0.0
316,180.0,225.0,90.0,-2.698790139836966e-14,-44.99999999999999,-90.0,0.0,0.0
317,180.0,225.0,135.0,-2.022126662569038e-14,-44.999999999999986,-45.0,0.0,0.0
318,180.0,225.0,225.0,-7.717319733307718e-16,-44.999999999999986,45.0,0.0,0.0
319,180.0,225.0,270.0,-1.272221872585406e-14,-44.99999999999999,89.99999999999999,0.0,0.0
320,180.0,225.0,315.0,-8.806945457990272e-16,-44.99999999999999,135.0,0.0,0.0
321,180.0,270.0,45.0,44.999999999999986,-89.99999999999999,0.0,0.0,0.0
322,180.0,270.0,90.0,89.99999999999999,-89.99999999999999,0.0,0.0,0.0
323,180.0,270.0,135.0,135.0,-89.99999999999999,0.0,0.0,0.0
324,180.0,270.0,180.0,180.0,-89.99999999999999,0.0,0.0,0.0
325,180.0,270.0,225.0,-135.00000000000003,-89.99999999999999,0.0,0.0,0.0
326,180.0,270.0,270.0,-90.00000000000001,-89.99999999999999,0.0,0.0,0.0
327,180.0,270.0,315.0,-45.00000000000003,-89.99999999999999,0.0,0.0,0.0
328,180.0,315.0,45.0,180.0,-45.000000000000014,44.999999999999986,0.0,0.0
329,180.0,315.0,90.0,180.0,-45.000000000000014,90.0,0.0,0.0
330,180.0,315.0,135.0,180.0,-45.00000000000002,135.0,0.0,0.0
331,180.0,315.0,180.0,180.0,-45.000000000000014,180.0,0.0,0.0
332,180.0,315.0,225.0,180.0,-45.000000000000014,-135.00000000000003,0.0,0.0
333,180.0,315.0,270.0,180.0,-45.000000000000014,-90.00000000000003,0.0,0.0
334,180.0,315.0,315.0,180.0,-45.000000000000014,-45.00000000000001,0.0,0.0
335,225.0,0.0,0.0,-135.00000000000003,-0.0,0.0,0.0,0.0
336,225.0,0.0,45.0,-135.0,-0.0,45.0,0.0,0.0
337,225.0,0.0,90.0,-135.00000000000003,-0.0,90.0,0.0,0.0
338,225.0,0.0,135.0,-135.0,-0.0,135.0,0.0,0.0
339,225.0,0.0,180.0,-135.00000000000003,-0.0,180.0,0.0,0.0
340,225.0,0.0,225.0,-135.0,-0.0,-135.00000000000003,0.0,0.0
341,225.0,0.0,270.0,-135.00000000000003,-0.0,-90.00000000000001,0.0,0.0
342,225.0,0.0,315.0,-135.00000000000003,-0.0,-45.000000000000014,0.0,0.0
343,225.0,45.0,0.0,-135.00000000000003,45.0,0.0,0.0,0.0
344,225.0,45.0,45.0,-135.00000000000003,45.0,45.0,0.0,0.0
345,225.0,45.0,90.0,-135.00000000000003,45.0,90.0,0.0,0.0
346,225.0,45.0,135.0,-135.00000000000003,45.0,135.0,0.0,0.0
347,225.0,45.0,180.0,-135.0,45.0,180.0,0.0,0.0
348,225.0,45.0,225.0,-135.0,45.0,-135.0,0.0,0.0
349,225.0,45.0,270.0,-135.00000000000003,45.0,-90.00000000000003,0.0,0.0
350,225.0,45.0,315.0,-134.99999999999997,45.0,-45.0,0.0,0.0
351,225.0,90.0,0.0,-135.00000000000003,90.0,0.0,0.0,0.0
352,225.0,90.0,45.0,180.0,90.0,0.0,0.0,0.0
353,225.0,90.0,90.0,135.0,90.0,0.0,0.0,0.0
354,225.0,90.0,135.0,89.99999999999999,90.0,0.0,0.0,0.0
355,225.0,90.0,180.0,45.0,90.0,0.0,0.0,0.0
356,225.0,90.0,225.0,-2.4444795064968655e-15,90.0,0.0,0.0,0.0
357,225.0,90.0,270.0,-45.0,90.0,0.0,0.0,0.0
358,225.0,90.0,315.0,-90.0,90.0,0.0,0.0,0.0
359,225.0,135.0,0.0,44.999999999999986,45.00000000000001,180.0,0.0,0.0
360,225.0,135.0,45.0,44.99999999999998,45.0,-135.0,0.0,0.0
361,225.0,135.0,90.0,44.99999999999997,45.00000000000001,-90.0,0.0,0.0
362,225.0,135.0,135.0,44.99999999999999,45.0,-45.0,0.0,0.0
363,225.0,135.0,180.0,44.99999999999999,45.00000000000001,-7.016709298534876e-15,0.0,0.0
364,225.0,135.0,225.0,45.00000000000001,45.0,44.99999999999999,0.0,0.0
365,225.0,135.0,270.0,44.999999999999986,45.00000000000001,89.99999999999999,0.0,0.0
366,225.0,135.0,315.0,44.99999999999999,45.00000000000001,134.99999999999997,0.0,0.0
367,225.0,180.0,0.0,44.99999999999998,7.016709298534876e-15,180.0,0.0,0.0
368,225.0,180.0,45.0,44.99999999999997,7.0167092985348775e-15,-135.0,0.0,0.0
369,225.0,180.0,90.0,44.99999999999999,7.016709298534876e-15,-90.0,0.0,0.0
370,225.0,180.0,135.0,45.00000000000001,7.016709298534876e-15,-45.00000000000001,0.0,0.0
371,225.0,180.0,180.0,44.99999999999999,7.016709298534876e-15,-7.016709298534876e-15,0.0,0.0
372,225.0,180.0,315.0,45.00000000000001,7.016709298534876e-15,135.0,0.0,0.0
373,225.0,225.0,0.0,44.999999999999986,-44.99999999999999,180.0,0.0,0.0
374,225.0,225.0,45.0,44.99999999999999,-44.999999999999986,-135.0,0.0,0.0
375,225.0,225.0,90.0,44.99999999999998,-44.99999999999999,-90.0,0.0,0.0
376,225.0,225.0,135.0,44.99999999999998,-44.999999999999986,-45.0,0.0,0.0
377,225.0,225.0,225.0,44.99999999999999,-44.999999999999986,45.0,0.0,0.0
378,225.0,225.0,315.0,44.999999999999986,-44.99999999999999,135.0,0.0,0.0
379,225.0,270.0,0.0,44.99999999999998,-90.0,0.0,0.0,0.0
380,225.0,270.0,45.0,89.99999999999999,-90.0,0.0,0.0,0.0
381,225.0,270.0,90.0,135.0,-90.0,0.0,0.0,0.0
382,225.0,270.0,135.0,180.0,-89.99999999999999,0.0,0.0,0.0
383,225.0,270.0,180.0,-135.00000000000003,-90.0,0.0,0.0,0.0
384,225.0,270.0,225.0,-90.00000000000003,-90.0,0.0,0.0,0.0
385,225.0,270.0,270.0,-45.00000000000001,-90.0,0.0,0.0,0.0
386,225.0,315.0,45.0,-135.0,-45.000000000000014,44.999999999999986,0.0,0.0
387,225.0,315.0,90.0,-135.00000000000003,-45.000000000000014,90.0,0.0,0.0
388,225.0,315.0,135.0,-135.00000000000003,-45.00000000000002,135.0,0.0,0.0
389,225.0,315.0,180.0,-135.00000000000003,-45.000000000000014,180.0,0.0,0.0
390,225.0,315.0,225.0,-135.0,-45.000000000000014,-135.00000000000003,0.0,0.0
391,225.0,315.0,270.0,-135.0,-45.000000000000014,-90.00000000000003,0.0,0.0
392,225.0,315.0,315.0,-135.00000000000003,-45.000000000000014,-45.00000000000001,0.0,0.0
393,270.0,0.0,0.0,-90.00000000000001,-0.0,0.0,0.0,0.0
394,270.0,0.0,45.0,-90.00000000000001,-0.0,45.0,0.0,0.0
395,270.0,0.0,90.0,-90.00000000000001,-0.0,90.0,0.0,0.0
396,270.0,0.0,135.0,-90.00000000000001,-0.0,135.0,0.0,0.0
397,270.0,0.0,180.0,-90.00000000000001,-0.0,180.0,0.0,0.0
398,270.0,0.0,225.0,-90.00000000000001,-0.0,-135.00000000000003,0.0,0.0
399,270.0,0.0,270.0,-90.00000000000001,-0.0,-90.00000000000001,0.0,0.0
400,270.0,0.0,315.0,-90.00000000000001,-0.0,-45.000000000000014,0.0,0.0
401,270.0,45.0,0.0,-90.00000000000001,45.0,0.0,0.0,0.0
402,270.0,45.0,45.0,-90.00000000000001,45.0,45.0,0.0,0.0
403,270.0,45.0,90.0,-90.00000000000001,45.0,90.0,0.0,0.0
404,270.0,45.0,135.0,-90.00000000000003,45.0,135.0,0.0,0.0
405,270.0,45.0,180.0,-90.00000000000001,45.0,180.0,0.0,0.0
406,270.0,45.0,225.0,-90.00000000000001,45.0,-135.0,0.0,0.0
407,270.0,45.0,270.0,-90.00000000000001,45.0,-90.00000000000003,0.0,0.0
408,270.0,45.0,315.0,-90.00000000000001,45.0,-45.0,0.0,0.0
409,270.0,90.0,0.0,-90.00000000000001,90.0,0.0,0.0,0.0
410,270.0,90.0,45.0,-135.0,90.0,0.0,0.0,0.0
411,270.0,90.0,90.0,180.0,90.0,0.0,0.0,0.0
412,270.0,90.0,135.0,135.0,90.0,0.0,0.0,0.0
413,270.0,90.0,180.0,90.0,90.0,0.0,0.0,0.0
414,270.0,90.0,225.0,45.0,90.0,0.0,0.0,0.0
415,270.0,90.0,270.0,0.0,90.0,0.0,0.0,0.0
416,270.0,90.0,315.0,-45.0,90.0,0.0,0.0,0.0
417,270.0,135.0,0.0,89.99999999999999,45.00000000000001,180.0,0.0,0.0
418,270.0,135.0,45.0,90.00000000000001,45.0,-135.0,0.0,0.0
419,270.0,135.0,90.0,89.99999999999999,45.00000000000001,-90.0,0.0,0.0
420,270.0,135.0,135.0,90.00000000000001,45.0,-45.0,0.0,0.0
421,270.0,135.0,180.0,89.99999999999999,45.00000000000001,-7.016709298534876e-15,0.0,0.0
422,270.0,135.0,225.0,90.00000000000001,45.0,44.99999999999999,0.0,0.0
423,270.0,135.0,270.0,90.0,45.00000000000001,89.99999999999999,0.0,0.0
424,270.0,135.0,315.0,90.0,45.00000000000001,134.99999999999997,0.0,0.0
425,270.0,180.0,0.0,89.99999999999999,7.016709298534876e-15,180.0,0.0,0.0
426,270.0,180.0,45.0,90.0,7.0167092985348775e-15,-135.0,0.0,0.0
427,270.0,180.0,90.0,89.99999999999999,7.016709298534876e-15,-90.0,0.0,0.0
428,270.0,180.0,135.0,89.99999999999999,7.016709298534876e-15,-45.00000000000001,0.0,0.0
429,270.0,180.0,180.0,89.99999999999999,7.016709298534876e-15,-7.016709298534876e-15,0.0,0.0
430,270.0,180.0,225.0,90.0,7.016709298534876e-15,44.99999999999999,0.0,0.0
431,270.0,180.0,270.0,90.0,7.016709298534876e-15,89.99999999999999,0.0,0.0
432,270.0,180.0,315.0,90.0,7.016709298534876e-15,135.0,0.0,0.0
433,270.0,225.0,0.0,89.99999999999999,-44.99999999999999,180.0,0.0,0.0
434,270.0,225.0,45.0,90.0,-44.999999999999986,-135.0,0.0,0.0
435,270.0,225.0,90.0,89.99999999999999,-44.99999999999999,-90.0,0.0,0.0
436,270.0,225.0,135.0,89.99999999999997,-44.999999999999986,-45.0,0.0,0.0
437,270.0,225.0,225.0,89.99999999999997,-44.999999999999986,45.0,0.0,0.0
438,270.0,225.0,270.0,90.0,-44.99999999999999,89.99999999999999,0.0,0.0
439,270.0,225.0,315.0,90.0,-44.99999999999999,135.0,0.0,0.0
440,270.0,270.0,0.0,89.99999999999999,-90.0,0.0,0.0,0.0
441,270.0,270.0,45.0,134.99999999999997,-90.0,0.0,0.0,0.0
442,270.0,270.0,90.0,180.0,-90.0,0.0,0.0,0.0
443,270.0,270.0,135.0,-135.00000000000003,-90.0,0.0,0.0,0.0
444,270.0,270.0,180.0,-90.00000000000001,-90.0,0.0,0.0,0.0
445,270.0,270.0,225.0,-45.00000000000003,-90.0,0.0,0.0,0.0
446,270.0,270.0,315.0,44.99999999999998,-90.0,0.0,0.0,0.0
447,270.0,315.0,45.0,-90.00000000000001,-45.000000000000014,44.999999999999986,0.0,0.0
448,270.0,315.0,90.0,-90.00000000000001,-45.000000000000014,90.0,0.0,0.0
449,270.0,315.0,135.0,-90.00000000000001,-45.00000000000002,135.0,0.0,0.0
450,270.0,315.0,180.0,-90.00000000000001,-45.000000000000014,180.0,0.0,0.0
451,270.0,315.0,225.0,-90.0,-45.000000000000014,-135.00000000000003,0.0,0.0
452,270.0,315.0,270.0,-90.00000000000001,-45.000000000000014,-90.00000000000003,0.0,0.0
453,270.0,315.0,315.0,-90.00000000000001,-45.000000000000014,-45.00000000000001,0.0,0.0
454,315.0,0.0,0.0,-45.000000000000014,-0.0,0.0,0.0,0.0
455,315.0,0.0,45.0,-45.000000000000014,-0.0,45.0,0.0,0.0
456,315.0,0.0,90.0,-45.000000000000014,-0.0,90.0,0.0,0.0
457,315.0,0.0,135.0,-45.000000000000014,-0.0,135.0,0.0,0.0
458,315.0,0.0,180.0,-45.000000000000014,-0.0,180.0,0.0,0.0
459,315.0,0.0,225.0,-45.000000000000014,-0.0,-135.00000000000003,0.0,0.0
460,315.0,0.0,315.0,-45.0,-0.0,-45.000000000000014,0.0,0.0
461,315.0,45.0,0.0,-45.000000000000014,45.0,0.0,0.0,0.0
462,315.0,45.0,45.0,-45.00000000000002,45.0,45.0,0.0,0.0
463,315.0,45.0,90.0,-45.00000000000001,45.0,90.0,0.0,0.0
464,315.0,45.0,135.0,-45.000000000000014,45.0,135.0,0.0,0.0
465,315.0,45.0,180.0,-45.0,45.0,180.0,0.0,0.0
466,315.0,45.0,225.0,-45.000000000000014,45.0,-135.0,0.0,0.0
467,315.0,45.0,270.0,-45.00000000000002,45.0,-90.00000000000003,0.0,0.0
468,315.0,45.0,315.0,-45.00000000000002,45.0,-45.0,0.0,0.0
469,315.0,90.0,0.0,-45.000000000000014,90.0,0.0,0.0,0.0
470,315.0,90.0,45.0,-90.00000000000001,90.0,0.0,0.0,0.0
471,315.0,90.0,90.0,-135.00000000000003,90.0,0.0,0.0,0.0
472,315.0,90.0,135.0,180.0,90.0,0.0,0.0,0.0
473,315.0,90.0,180.0,135.0,90.0,0.0,0.0,0.0
474,315.0,90.0,225.0,90.0,90.0,0.0,0.0,0.0
475,315.0,90.0,270.0,45.0,90.0,0.0,0.0,0.0
476,315.0,90.0,315.0,5.813537099647784e-16,90.0,0.0,0.0,0.0
477,315.0,135.0,0.0,135.0,45.00000000000001,180.0,0.0,0.0
478,315.0,135.0,45.0,135.0,45.0,-135.0,0.0,0.0
479,315.0,135.0,90.0,135.0,45.00000000000001,-90.0,0.0,0.0
480,315.0,135.0,135.0,135.0,45.0,-45.0,0.0,0.0
481,315.0,135.0,180.0,134.99999999999997,45.00000000000001,-7.016709298534876e-15,0.0,0.0
482,315.0,135.0,225.0,135.0,45.0,44.99999999999999,0.0,0.0
483,315.0,135.0,270.0,135.0,45.00000000000001,89.99999999999999,0.0,0.0
484,315.0,135.0,315.0,135.0,45.00000000000001,134.99999999999997,0.0,0.0
485,315.0,180.0,0.0,135.0,7.016709298534876e-15,180.0,0.0,0.0
486,315.0,180.0,45.0,134.99999999999997,7.0167092985348775e-15,-135.0,0.0,0.0
487,315.0,180.0,90.0,134.99999999999997,7.016709298534876e-15,-90.0,0.0,0.0
488,315.0,180.0,135.0,135.0,7.016709298534876e-15,-45.00000000000001,0.0,0.0
489,315.0,180.0,180.0,135.0,7.016709298534876e-15,-7.016709298534876e-15,0.0,0.0
490,315.0,180.0,225.0,135.0,7.016709298534876e-15,44.99999999999999,0.0,0.0
491,315.0,180.0,270.0,134.99999999999997,7.016709298534876e-15,89.99999999999999,0.0,0.0
492,315.0,180.0,315.0,135.0,7.016709298534876e-15,135.0,0.0,0.0
493,315.0,225.0,0.0,135.0,-44.99999999999999,180.0,0.0,0.0
494,315.0,225.0,45.0,135.0,-44.999999999999986,-135.0,0.0,0.0
495,315.0,225.0,90.0,134.99999999999997,-44.99999999999999,-90.0,0.0,0.0
496,315.0,225.0,135.0,134.99999999999994,-44.999999999999986,-45.0,0.0,0.0
497,315.0,225.0,225.0,135.0,-44.999999999999986,45.0,0.0,0.0
498,315.0,225.0,270.0,134.99999999999997,-44.99999999999999,89.99999999999999,0.0,0.0
499,315.0,225.0,315.0,135.0,-44.99999999999999,135.0,0.0,0.0
500,315.0,270.0,0.0,135.0,-90.00000000000001,0.0,0.0,0.0
501,315.0,270.0,45.0,180.0,-90.00000000000001,0.0,0.0,0.0
502,315.0,270.0,90.0,-135.00000000000003,-90.00000000000001,0.0,0.0,0.0
503,315.0,270.0,135.0,-90.00000000000001,-90.00000000000001,0.0,0.0,0.0
504,315.0,270.0,180.0,-45.00000000000003,-90.00000000000001,0.0,0.0,0.0
505,315.0,270.0,270.0,44.99999999999998,-90.00000000000001,0.0,0.0,0.0
506,315.0,270.0,315.0,89.99999999999997,-90.00000000000001,0.0,0.0,0.0
507,315.0,315.0,45.0,-45.00000000000002,-45.000000000000014,44.999999999999986,0.0,0.0
508,315.0,315.0,90.0,-45.000000000000014,-45.000000000000014,90.0,0.0,0.0
509,315.0,315.0,135.0,-45.00000000000002,-45.00000000000002,135.0,0.0,0.0
510,315.0,315.0,180.0,-45.00000000000003,-45.000000000000014,180.0,0.0,0.0
511,315.0,315.0,225.0,-45.00000000000002,-45.000000000000014,-135.00000000000003,0.0,0.0
512,315.0,315.0,315.0,-45.000000000000014,-45.000000000000014,-45.00000000000001,0.0,0.0
