排序,搜索起始_rx_度,搜索起始_ry_度,搜索起始_rz_度,收敛结束_rx_度,收敛结束_ry_度,收敛结束_rz_度,最终平移_x_米,最终平移_y_米,最终平移_z_米,覆盖程度,loss
1,0.0,270.0,180.0,-89.17860383442545,-73.0725819033781,-100.6426370426807,-0.6869082999616952,0.33060066021237505,-0.6000722915756441,0.01025,0.0057353995654480395
2,45.0,270.0,135.0,-89.17860383442564,-73.07258190337811,-100.64263704268072,-0.6869082999616944,0.3306006602123751,-0.6000722915756448,0.01025,0.0057353995654480395
3,90.0,270.0,90.0,-89.17860383442547,-73.07258190337811,-100.64263704268076,-0.686908299961694,0.33060066021237483,-0.6000722915756449,0.01025,0.005735399565448041
4,225.0,270.0,315.0,-89.17860383442553,-73.07258190337812,-100.64263704268072,-0.6869082999616942,0.33060066021237483,-0.6000722915756445,0.01025,0.005735399565448047
5,180.0,270.0,0.0,-89.17860383442563,-73.07258190337811,-100.64263704268068,-0.6869082999616956,0.33060066021237494,-0.600072291575645,0.01025,0.005735399565448054
6,135.0,270.0,45.0,-89.17860383442581,-73.0725819033781,-100.64263704268058,-0.6869082999616966,0.33060066021237505,-0.6000722915756447,0.01025,0.005735399565448058
7,315.0,270.0,225.0,-89.17860383442556,-73.0725819033781,-100.64263704268063,-0.6869082999616956,0.33060066021237544,-0.6000722915756452,0.01025,0.005735399565448058
8,270.0,270.0,270.0,-89.17860383442564,-73.07258190337812,-100.64263704268055,-0.686908299961697,0.33060066021237494,-0.6000722915756453,0.01025,0.005735399565448064
9,0.0,315.0,0.0,27.372300671371892,-49.73476427650664,-32.34960201597354,-0.5553130837432377,0.3518672468746673,-0.7162477456391109,0.01025,0.005749200066081735
10,180.0,225.0,180.0,27.37230067137189,-49.734764276506596,-32.349602015973495,-0.5553130837432394,0.3518672468746675,-0.716247745639112,0.01025,0.005749200066081743
11,315.0,315.0,0.0,27.356459816762104,-49.487735685406115,-32.47706137605092,-0.5578699131805034,0.35525707420372477,-0.713249318013428,0.01015,0.005694709678907111
12,135.0,225.0,180.0,27.356459816762097,-49.48773568540608,-32.477061376050834,-0.5578699131805054,0.3552570742037254,-0.7132493180134282,0.01015,0.005694709678907116
13,225.0,225.0,180.0,21.253865326951736,-39.34929508642564,-26.677176186984266,-0.7360318341644043,0.3587427462233096,-0.5871665752840408,0.00995,0.005360063504391262
14,45.0,315.0,0.0,21.253865326951644,-39.34929508642563,-26.67717618698425,-0.7360318341644054,0.35874274622330987,-0.5871665752840417,0.00995,0.005360063504391296
15,0.0,0.0,0.0,18.33451666067596,1.6201582547920377,-9.311180908762298,-0.7284532865866508,0.34480138336158533,-0.5784935556150645,0.00995,0.005785074265667579
16,180.0,180.0,180.0,18.334516660676048,1.6201582547920241,-9.311180908762271,-0.7284532865866533,0.3448013833615855,-0.5784935556150655,0.00995,0.005785074265667591
17,225.0,180.0,225.0,121.49720552793299,67.9612784203259,116.54556033426897,-0.7658763025213975,-0.17749958219243953,0.8718281335749902,0.00955,0.005273230768827619
18,45.0,0.0,45.0,121.497205527933,67.96127842032588,116.54556033426906,-0.7658763025214006,-0.1774995821924396,0.8718281335749912,0.00955,0.005273230768827658
19,225.0,225.0,270.0,-30.34900034985146,-37.007118720588664,-169.5008666546693,-0.15428225707804746,0.4392854234972429,-0.7695852662437805,0.0075,0.005754704369193586
20,45.0,315.0,90.0,-30.349000349851472,-37.007118720588714,-169.50086665466924,-0.1542822570780472,0.4392854234972436,-0.7695852662437844,0.0075,0.0057547043691936126
21,315.0,315.0,270.0,-54.067226350453744,-64.69138712053167,-94.86748120613606,-0.7579392441547242,-0.1610757494477983,-0.5846932011612523,0.00745,0.005232063680632549
22,135.0,225.0,90.0,-54.067226350453765,-64.69138712053169,-94.86748120613602,-0.7579392441547286,-0.1610757494478017,-0.5846932011612525,0.00745,0.0052320636806325906
23,225.0,315.0,0.0,41.99414898565643,-62.7159582929283,-116.3454236419248,0.23546865410928045,0.401740092407307,-0.8425874785938663,0.0068,0.005997137563085328
24,45.0,225.0,180.0,41.99414898565641,-62.715958292928285,-116.34542364192477,0.2354686541092804,0.4017400924073075,-0.842587478593866,0.0068,0.005997137563085354
25,270.0,225.0,180.0,-116.59396687214559,-70.7237351826222,-106.87155691463414,0.09966750950155072,0.37733571215049266,-0.8417050877010142,0.0066,0.005998870574743109
26,90.0,315.0,0.0,-116.59396687214559,-70.7237351826222,-106.87155691463427,0.09966750950155143,0.3773357121504933,-0.8417050877010167,0.0066,0.00599887057474316
27,315.0,225.0,180.0,-128.36704762620366,-72.12210570293632,-100.90227181101497,0.06528365748954093,0.3622932915647722,-0.8581988565520653,0.00645,0.005334460437333969
28,135.0,315.0,0.0,-128.36704762620317,-72.12210570293637,-100.90227181101508,0.06528365748954101,0.36229329156477086,-0.8581988565520644,0.00645,0.005334460437333971
29,0.0,225.0,180.0,-132.8629073719916,-71.92455255656272,-91.85525467146762,0.010757716530946117,0.36830163878638517,-0.8588274766604391,0.0059,0.0052579937905290015
30,180.0,315.0,0.0,-132.86290737199158,-71.92455255656272,-91.85525467146768,0.010757716530946308,0.368301638786385,-0.8588274766604393,0.0059,0.0052579937905290084
31,0.0,45.0,0.0,-11.762568422209357,14.899894797417582,-124.722097186291,0.004418506526151318,0.4347629105294054,-0.8110949428861234,0.0058,0.00577424380037924
32,180.0,135.0,180.0,-11.762568422209455,14.89989479741755,-124.72209718629097,0.004418506526150962,0.4347629105294063,-0.8110949428861246,0.0058,0.005774243800379251
33,225.0,180.0,270.0,50.249289070334754,37.04870990453647,30.592834708774166,-0.8351694390205335,0.39478288620848145,-0.28681000039143517,0.0057,0.0049990183424126556
34,45.0,0.0,90.0,50.2492890703347,37.048709904536516,30.592834708774298,-0.8351694390205354,0.3947828862084819,-0.28681000039143634,0.0057,0.004999018342412661
35,90.0,225.0,180.0,-115.38808172811511,-47.93656824849973,-35.95980765793892,-0.6358156116876131,0.40254228476879567,-0.6181339435281276,0.0054,0.005939020394978321
36,270.0,315.0,0.0,-115.3880817281152,-47.936568248499896,-35.95980765793895,-0.6358156116876145,0.4025422847687965,-0.6181339435281336,0.0054,0.0059390203949784386
37,0.0,315.0,180.0,-31.295377495850424,9.889047576230897,-166.01086707101516,0.101906220957564,0.6251607574433241,-0.6792180980050959,0.00465,0.005719920054080682
38,180.0,225.0,0.0,-31.29537749585048,9.889047576230677,-166.01086707101516,0.10190622095756598,0.6251607574433247,-0.6792180980050997,0.00465,0.005719920054080689
39,315.0,0.0,270.0,-50.20598340476744,-40.42675770834317,-146.9494078899409,-0.7355495861711205,0.5123300754132888,-0.37437433143870175,0.0042,0.005611575233647626
40,135.0,180.0,90.0,-50.205983404767494,-40.426757708343196,-146.9494078899409,-0.7355495861711212,0.5123300754132898,-0.374374331438703,0.0042,0.005611575233647681
41,0.0,0.0,45.0,0.0,-0.0,45.0,-0.7472911817236044,-0.023572658464746443,-0.6363258798577491,0.0,0.0
42,0.0,0.0,90.0,0.0,-0.0,90.0,-0.7472911817236044,-0.023572658464746443,-0.6363258798577491,0.0,0.0
43,0.0,0.0,135.0,0.0,-0.0,135.0,-0.7472911817236044,-0.023572658464746443,-0.6363258798577491,0.0,0.0
44,0.0,0.0,180.0,0.0,-0.0,180.0,-0.7472911817236044,-0.023572658464746443,-0.6363258798577491,0.0,0.0
45,0.0,0.0,225.0,0.0,-0.0,-135.00000000000003,-0.7472911817236044,-0.023572658464746443,-0.6363258798577491,0.0,0.0
46,0.0,0.0,270.0,0.0,-0.0,-90.00000000000001,-0.7472911817236044,-0.023572658464746443,-0.6363258798577491,0.0,0.0
47,0.0,0.0,315.0,0.0,-0.0,-45.000000000000014,-0.7472911817236044,-0.023572658464746443,-0.6363258798577491,0.0,0.0
48,0.0,45.0,45.0,-4.349702147752948e-15,45.0,45.0,-0.7472911817236044,-0.023572658464746443,-0.6363258798577491,0.0,0.0
49,0.0,45.0,90.0,0.0,45.0,90.0,-0.7472911817236044,-0.023572658464746443,-0.6363258798577491,0.0,0.0
50,0.0,45.0,135.0,-9.144248551431883e-15,45.0,135.0,-0.7472911817236044,-0.023572658464746443,-0.6363258798577491,0.0,0.0
51,0.0,45.0,180.0,-2.9064161546825516e-15,45.0,180.0,-0.7472911817236044,-0.023572658464746443,-0.6363258798577491,0.0,0.0
52,0.0,45.0,225.0,4.6462649850369406e-15,45.0,-135.0,-0.7472911817236044,-0.023572658464746443,-0.6363258798577491,0.0,0.0
53,0.0,45.0,270.0,-8.995967132789888e-15,45.0,-90.00000000000003,-0.7472911817236044,-0.023572658464746443,-0.6363258798577491,0.0,0.0
54,0.0,45.0,315.0,1.0766801899421297e-14,45.0,-45.0,-0.7472911817236044,-0.023572658464746443,-0.6363258798577491,0.0,0.0
55,0.0,90.0,0.0,0.0,90.0,0.0,-0.7472911817236044,-0.023572658464746443,-0.6363258798577491,0.0,0.0
56,0.0,90.0,45.0,-45.0,90.0,0.0,-0.7472911817236044,-0.023572658464746443,-0.6363258798577491,0.0,0.0
57,0.0,90.0,90.0,-90.0,90.0,0.0,-0.7472911817236044,-0.023572658464746443,-0.6363258798577491,0.0,0.0
58,0.0,90.0,135.0,-135.0,90.0,0.0,-0.7472911817236044,-0.023572658464746443,-0.6363258798577491,0.0,0.0
59,0.0,90.0,180.0,-180.0,90.0,0.0,-0.7472911817236044,-0.023572658464746443,-0.6363258798577491,0.0,0.0
60,0.0,90.0,225.0,135.0,90.0,0.0,-0.7472911817236044,-0.023572658464746443,-0.6363258798577491,0.0,0.0
61,0.0,90.0,270.0,90.00000000000001,90.0,0.0,-0.7472911817236044,-0.023572658464746443,-0.6363258798577491,0.0,0.0
62,0.0,90.0,315.0,45.000000000000014,90.0,0.0,-0.7472911817236044,-0.023572658464746443,-0.6363258798577491,0.0,0.0
63,0.0,135.0,0.0,180.0,45.00000000000001,180.0,-0.7472911817236044,-0.023572658464746443,-0.6363258798577491,0.0,0.0
64,0.0,135.0,45.0,180.0,45.0,-135.0,-0.7472911817236044,-0.023572658464746443,-0.6363258798577491,0.0,0.0
65,0.0,135.0,90.0,180.0,45.00000000000001,-90.0,-0.7472911817236044,-0.023572658464746443,-0.6363258798577491,0.0,0.0
66,0.0,135.0,135.0,-180.0,45.0,-45.0,-0.7472911817236044,-0.023572658464746443,-0.6363258798577491,0.0,0.0
67,0.0,135.0,180.0,-180.0,45.00000000000001,-7.016709298534876e-15,-0.7472911817236044,-0.023572658464746443,-0.6363258798577491,0.0,0.0
68,0.0,135.0,225.0,180.0,45.0,44.99999999999999,-0.7472911817236044,-0.023572658464746443,-0.6363258798577491,0.0,0.0
69,0.0,135.0,270.0,180.0,45.00000000000001,89.99999999999999,-0.7472911817236044,-0.023572658464746443,-0.6363258798577491,0.0,0.0
70,0.0,135.0,315.0,-180.0,45.00000000000001,134.99999999999997,-0.7472911817236044,-0.023572658464746443,-0.6363258798577491,0.0,0.0
71,0.0,180.0,0.0,180.0,7.016709298534876e-15,180.0,-0.7472911817236044,-0.023572658464746443,-0.6363258798577491,0.0,0.0
72,0.0,180.0,45.0,180.0,7.0167092985348775e-15,-135.0,-0.7472911817236044,-0.023572658464746443,-0.6363258798577491,0.0,0.0
73,0.0,180.0,90.0,-180.0,7.016709298534876e-15,-90.0,-0.7472911817236044,-0.023572658464746443,-0.6363258798577491,0.0,0.0
74,0.0,180.0,135.0,180.0,7.016709298534876e-15,-45.00000000000001,-0.7472911817236044,-0.023572658464746443,-0.6363258798577491,0.0,0.0
75,0.0,180.0,180.0,180.0,7.016709298534876e-15,-7.016709298534876e-15,-0.7472911817236044,-0.023572658464746443,-0.6363258798577491,0.0,0.0
76,0.0,180.0,225.0,-180.0,7.016709298534876e-15,44.99999999999999,-0.7472911817236044,-0.023572658464746443,-0.6363258798577491,0.0,0.0
77,0.0,180.0,270.0,-180.0,7.016709298534876e-15,89.99999999999999,-0.7472911817236044,-0.023572658464746443,-0.6363258798577491,0.0,0.0
78,0.0,180.0,315.0,180.0,7.016709298534876e-15,135.0,-0.7472911817236044,-0.023572658464746443,-0.6363258798577491,0.0,0.0
79,0.0,225.0,0.0,180.0,-44.99999999999999,180.0,-0.7472911817236044,-0.023572658464746443,-0.6363258798577491,0.0,0.0
80,0.0,225.0,45.0,-180.0,-44.999999999999986,-135.0,-0.7472911817236044,-0.023572658464746443,-0.6363258798577491,0.0,0.0
81,0.0,225.0,90.0,180.0,-44.99999999999999,-90.0,-0.7472911817236044,-0.023572658464746443,-0.6363258798577491,0.0,0.0
82,0.0,225.0,135.0,180.0,-44.999999999999986,-45.0,-0.7472911817236044,-0.023572658464746443,-0.6363258798577491,0.0,0.0
83,0.0,225.0,225.0,-180.0,-44.999999999999986,45.0,-0.7472911817236044,-0.023572658464746443,-0.6363258798577491,0.0,0.0
84,0.0,225.0,270.0,180.0,-44.99999999999999,89.99999999999999,-0.7472911817236044,-0.023572658464746443,-0.6363258798577491,0.0,0.0
85,0.0,225.0,315.0,180.0,-44.99999999999999,135.0,-0.7472911817236044,-0.023572658464746443,-0.6363258798577491,0.0,0.0
86,0.0,270.0,0.0,180.0,-90.00000000000001,0.0,-0.7472911817236044,-0.023572658464746443,-0.6363258798577491,0.0,0.0
87,0.0,270.0,45.0,-135.00000000000003,-90.00000000000001,0.0,-0.7472911817236044,-0.023572658464746443,-0.6363258798577491,0.0,0.0
88,0.0,270.0,90.0,-90.0,-90.00000000000001,0.0,-0.7472911817236044,-0.023572658464746443,-0.6363258798577491,0.0,0.0
89,0.0,270.0,135.0,-45.00000000000001,-90.00000000000001,0.0,-0.7472911817236044,-0.023572658464746443,-0.6363258798577491,0.0,0.0
90,0.0,270.0,225.0,45.0,-90.00000000000001,0.0,-0.7472911817236044,-0.023572658464746443,-0.6363258798577491,0.0,0.0
91,0.0,270.0,270.0,89.99999999999999,-90.00000000000001,0.0,-0.7472911817236044,-0.023572658464746443,-0.6363258798577491,0.0,0.0
92,0.0,270.0,315.0,135.0,-90.00000000000001,0.0,-0.7472911817236044,-0.023572658464746443,-0.6363258798577491,0.0,0.0
93,0.0,315.0,45.0,3.804005236152288e-15,-45.000000000000014,44.999999999999986,-0.7472911817236044,-0.023572658464746443,-0.6363258798577491,0.0,0.0
94,0.0,315.0,90.0,0.0,-45.000000000000014,90.0,-0.7472911817236044,-0.023572658464746443,-0.6363258798577491,0.0,0.0
95,0.0,315.0,135.0,-9.876661678588917e-15,-45.00000000000002,135.0,-0.7472911817236044,-0.023572658464746443,-0.6363258798577491,0.0,0.0
96,0.0,315.0,225.0,3.804005236152288e-15,-45.000000000000014,-135.00000000000003,-0.7472911817236044,-0.023572658464746443,-0.6363258798577491,0.0,0.0
97,0.0,315.0,270.0,8.995967132789893e-15,-45.000000000000014,-90.00000000000003,-0.7472911817236044,-0.023572658464746443,-0.6363258798577491,0.0,0.0
98,0.0,315.0,315.0,-1.0859092929321977e-14,-45.000000000000014,-45.00000000000001,-0.7472911817236044,-0.023572658464746443,-0.6363258798577491,0.0,0.0
99,45.0,0.0,0.0,45.0,-0.0,0.0,-0.7472911817236044,-0.023572658464746443,-0.6363258798577491,0.0,0.0
100,45.0,0.0,135.0,45.0,-0.0,135.0,-0.7472911817236044,-0.023572658464746443,-0.6363258798577491,0.0,0.0
101,45.0,0.0,180.0,45.0,-0.0,180.0,-0.7472911817236044,-0.023572658464746443,-0.6363258798577491,0.0,0.0
102,45.0,0.0,225.0,45.0,-0.0,-135.00000000000003,-0.7472911817236044,-0.023572658464746443,-0.6363258798577491,0.0,0.0
103,45.0,0.0,270.0,45.0,-0.0,-90.00000000000001,-0.7472911817236044,-0.023572658464746443,-0.6363258798577491,0.0,0.0
104,45.0,0.0,315.0,44.99999999999998,-0.0,-45.000000000000014,-0.7472911817236044,-0.023572658464746443,-0.6363258798577491,0.0,0.0
105,45.0,45.0,0.0,44.99999999999997,45.0,0.0,-0.7472911817236044,-0.023572658464746443,-0.6363258798577491,0.0,0.0
106,45.0,45.0,45.0,45.000000000000014,45.0,45.0,-0.7472911817236044,-0.023572658464746443,-0.6363258798577491,0.0,0.0
107,45.0,45.0,90.0,44.99999999999999,45.0,90.0,-0.7472911817236044,-0.023572658464746443,-0.6363258798577491,0.0,0.0
108,45.0,45.0,135.0,44.99999999999999,45.0,135.0,-0.7472911817236044,-0.023572658464746443,-0.6363258798577491,0.0,0.0
109,45.0,45.0,180.0,45.00000000000001,45.0,180.0,-0.7472911817236044,-0.023572658464746443,-0.6363258798577491,0.0,0.0
110,45.0,45.0,225.0,45.000000000000014,45.0,-135.0,-0.7472911817236044,-0.023572658464746443,-0.6363258798577491,0.0,0.0
111,45.0,45.0,270.0,44.99999999999999,45.0,-90.00000000000003,-0.7472911817236044,-0.023572658464746443,-0.6363258798577491,0.0,0.0
112,45.0,45.0,315.0,45.00000000000002,45.0,-45.0,-0.7472911817236044,-0.023572658464746443,-0.6363258798577491,0.0,0.0
113,45.0,90.0,0.0,45.0,90.0,0.0,-0.7472911817236044,-0.023572658464746443,-0.6363258798577491,0.0,0.0
114,45.0,90.0,45.0,-5.81353709964777e-16,90.0,0.0,-0.7472911817236044,-0.023572658464746443,-0.6363258798577491,0.0,0.0
115,45.0,90.0,90.0,-45.00000000000001,90.0,0.0,-0.7472911817236044,-0.023572658464746443,-0.6363258798577491,0.0,0.0
116,45.0,90.0,135.0,-90.0,90.0,0.0,-0.7472911817236044,-0.023572658464746443,-0.6363258798577491,0.0,0.0
117,45.0,90.0,180.0,-135.0,90.0,0.0,-0.7472911817236044,-0.023572658464746443,-0.6363258798577491,0.0,0.0
118,45.0,90.0,225.0,-180.0,90.0,0.0,-0.7472911817236044,-0.023572658464746443,-0.6363258798577491,0.0,0.0
119,45.0,90.0,270.0,135.0,90.0,0.0,-0.7472911817236044,-0.023572658464746443,-0.6363258798577491,0.0,0.0
120,45.0,90.0,315.0,90.00000000000001,90.0,0.0,-0.7472911817236044,-0.023572658464746443,-0.6363258798577491,0.0,0.0
121,45.0,135.0,0.0,-135.0,45.00000000000001,180.0,-0.7472911817236044,-0.023572658464746443,-0.6363258798577491,0.0,0.0
122,45.0,135.0,45.0,-135.0,45.0,-135.0,-0.7472911817236044,-0.023572658464746443,-0.6363258798577491,0.0,0.0
123,45.0,135.0,90.0,-135.0,45.00000000000001,-90.0,-0.7472911817236044,-0.023572658464746443,-0.6363258798577491,0.0,0.0
124,45.0,135.0,135.0,-135.0,45.0,-45.0,-0.7472911817236044,-0.023572658464746443,-0.6363258798577491,0.0,0.0
125,45.0,135.0,180.0,-135.0,45.00000000000001,-7.016709298534876e-15,-0.7472911817236044,-0.023572658464746443,-0.6363258798577491,0.0,0.0
126,45.0,135.0,225.0,-135.0,45.0,44.99999999999999,-0.7472911817236044,-0.023572658464746443,-0.6363258798577491,0.0,0.0
127,45.0,135.0,270.0,-135.00000000000003,45.00000000000001,89.99999999999999,-0.7472911817236044,-0.023572658464746443,-0.6363258798577491,0.0,0.0
128,45.0,135.0,315.0,-135.00000000000003,45.00000000000001,134.99999999999997,-0.7472911817236044,-0.023572658464746443,-0.6363258798577491,0.0,0.0
129,45.0,180.0,0.0,-135.0,7.016709298534876e-15,180.0,-0.7472911817236044,-0.023572658464746443,-0.6363258798577491,0.0,0.0
130,45.0,180.0,45.0,-135.0,7.0167092985348775e-15,-135.0,-0.7472911817236044,-0.023572658464746443,-0.6363258798577491,0.0,0.0
131,45.0,180.0,90.0,-135.0,7.016709298534876e-15,-90.0,-0.7472911817236044,-0.023572658464746443,-0.6363258798577491,0.0,0.0
132,45.0,180.0,135.0,-135.00000000000003,7.016709298534876e-15,-45.00000000000001,-0.7472911817236044,-0.023572658464746443,-0.6363258798577491,0.0,0.0
133,45.0,180.0,180.0,-135.0,7.016709298534876e-15,-7.016709298534876e-15,-0.7472911817236044,-0.023572658464746443,-0.6363258798577491,0.0,0.0
134,45.0,180.0,225.0,-135.00000000000003,7.016709298534876e-15,44.99999999999999,-0.7472911817236044,-0.023572658464746443,-0.6363258798577491,0.0,0.0
135,45.0,180.0,270.0,-135.00000000000003,7.016709298534876e-15,89.99999999999999,-0.7472911817236044,-0.023572658464746443,-0.6363258798577491,0.0,0.0
136,45.0,180.0,315.0,-135.00000000000003,7.016709298534876e-15,135.0,-0.7472911817236044,-0.023572658464746443,-0.6363258798577491,0.0,0.0
137,45.0,225.0,0.0,-135.0,-44.99999999999999,180.0,-0.7472911817236044,-0.023572658464746443,-0.6363258798577491,0.0,0.0
138,45.0,225.0,45.0,-135.0,-44.999999999999986,-135.0,-0.7472911817236044,-0.023572658464746443,-0.6363258798577491,0.0,0.0
139,45.0,225.0,90.0,-135.00000000000003,-44.99999999999999,-90.0,-0.7472911817236044,-0.023572658464746443,-0.6363258798577491,0.0,0.0
140,45.0,225.0,135.0,-135.00000000000003,-44.999999999999986,-45.0,-0.7472911817236044,-0.023572658464746443,-0.6363258798577491,0.0,0.0
141,45.0,225.0,225.0,-135.00000000000003,-44.999999999999986,45.0,-0.7472911817236044,-0.023572658464746443,-0.6363258798577491,0.0,0.0
142,45.0,225.0,270.0,-135.00000000000003,-44.99999999999999,89.99999999999999,-0.7472911817236044,-0.023572658464746443,-0.6363258798577491,0.0,0.0
143,45.0,225.0,315.0,-135.0,-44.99999999999999,135.0,-0.7472911817236044,-0.023572658464746443,-0.6363258798577491,0.0,0.0
144,45.0,270.0,0.0,-135.0,-90.00000000000001,0.0,-0.7472911817236044,-0.023572658464746443,-0.6363258798577491,0.0,0.0
145,45.0,270.0,45.0,-90.00000000000001,-90.00000000000001,0.0,-0.7472911817236044,-0.023572658464746443,-0.6363258798577491,0.0,0.0
146,45.0,270.0,90.0,-45.00000000000001,-90.00000000000001,0.0,-0.7472911817236044,-0.023572658464746443,-0.6363258798577491,0.0,0.0
147,45.0,270.0,180.0,44.99999999999998,-90.00000000000001,0.0,-0.7472911817236044,-0.023572658464746443,-0.6363258798577491,0.0,0.0
148,45.0,270.0,225.0,89.99999999999999,-90.00000000000001,0.0,-0.7472911817236044,-0.023572658464746443,-0.6363258798577491,0.0,0.0
149,45.0,270.0,270.0,134.99999999999997,-90.00000000000001,0.0,-0.7472911817236044,-0.023572658464746443,-0.6363258798577491,0.0,0.0
150,45.0,270.0,315.0,180.0,-90.00000000000001,0.0,-0.7472911817236044,-0.023572658464746443,-0.6363258798577491,0.0,0.0
151,45.0,315.0,45.0,45.0,-45.000000000000014,44.999999999999986,-0.7472911817236044,-0.023572658464746443,-0.6363258798577491,0.0,0.0
152,45.0,315.0,135.0,44.99999999999998,-45.00000000000002,135.0,-0.7472911817236044,-0.023572658464746443,-0.6363258798577491,0.0,0.0
153,45.0,315.0,180.0,44.99999999999999,-45.000000000000014,180.0,-0.7472911817236044,-0.023572658464746443,-0.6363258798577491,0.0,0.0
154,45.0,315.0,225.0,45.000000000000014,-45.000000000000014,-135.00000000000003,-0.7472911817236044,-0.023572658464746443,-0.6363258798577491,0.0,0.0
155,45.0,315.0,270.0,45.00000000000001,-45.000000000000014,-90.00000000000003,-0.7472911817236044,-0.023572658464746443,-0.6363258798577491,0.0,0.0
156,45.0,315.0,315.0,44.99999999999999,-45.000000000000014,-45.00000000000001,-0.7472911817236044,-0.023572658464746443,-0.6363258798577491,0.0,0.0
157,90.0,0.0,0.0,90.0,-0.0,0.0,-0.7472911817236044,-0.023572658464746443,-0.6363258798577491,0.0,0.0
158,90.0,0.0,45.0,90.0,-0.0,45.0,-0.7472911817236044,-0.023572658464746443,-0.6363258798577491,0.0,0.0
159,90.0,0.0,90.0,90.0,-0.0,90.0,-0.7472911817236044,-0.023572658464746443,-0.6363258798577491,0.0,0.0
160,90.0,0.0,135.0,90.0,-0.0,135.0,-0.7472911817236044,-0.023572658464746443,-0.6363258798577491,0.0,0.0
161,90.0,0.0,180.0,90.0,-0.0,180.0,-0.7472911817236044,-0.023572658464746443,-0.6363258798577491,0.0,0.0
162,90.0,0.0,225.0,90.0,-0.0,-135.00000000000003,-0.7472911817236044,-0.023572658464746443,-0.6363258798577491,0.0,0.0
163,90.0,0.0,270.0,90.0,-0.0,-90.00000000000001,-0.7472911817236044,-0.023572658464746443,-0.6363258798577491,0.0,0.0
164,90.0,0.0,315.0,90.0,-0.0,-45.000000000000014,-0.7472911817236044,-0.023572658464746443,-0.6363258798577491,0.0,0.0
165,90.0,45.0,0.0,90.0,45.0,0.0,-0.7472911817236044,-0.023572658464746443,-0.6363258798577491,0.0,0.0
166,90.0,45.0,45.0,90.00000000000001,45.0,45.0,-0.7472911817236044,-0.023572658464746443,-0.6363258798577491,0.0,0.0
167,90.0,45.0,90.0,90.0,45.0,90.0,-0.7472911817236044,-0.023572658464746443,-0.6363258798577491,0.0,0.0
168,90.0,45.0,135.0,89.99999999999999,45.0,135.0,-0.7472911817236044,-0.023572658464746443,-0.6363258798577491,0.0,0.0
169,90.0,45.0,180.0,90.0,45.0,180.0,-0.7472911817236044,-0.023572658464746443,-0.6363258798577491,0.0,0.0
170,90.0,45.0,225.0,90.0,45.0,-135.0,-0.7472911817236044,-0.023572658464746443,-0.6363258798577491,0.0,0.0
171,90.0,45.0,270.0,90.0,45.0,-90.00000000000003,-0.7472911817236044,-0.023572658464746443,-0.6363258798577491,0.0,0.0
172,90.0,45.0,315.0,90.0,45.0,-45.0,-0.7472911817236044,-0.023572658464746443,-0.6363258798577491,0.0,0.0
173,90.0,90.0,0.0,90.0,90.0,0.0,-0.7472911817236044,-0.023572658464746443,-0.6363258798577491,0.0,0.0
174,90.0,90.0,45.0,45.00000000000001,90.0,0.0,-0.7472911817236044,-0.023572658464746443,-0.6363258798577491,0.0,0.0
175,90.0,90.0,90.0,0.0,90.0,0.0,-0.7472911817236044,-0.023572658464746443,-0.6363258798577491,0.0,0.0
176,90.0,90.0,135.0,-45.0,90.0,0.0,-0.7472911817236044,-0.023572658464746443,-0.6363258798577491,0.0,0.0
177,90.0,90.0,180.0,-90.0,90.0,0.0,-0.7472911817236044,-0.023572658464746443,-0.6363258798577491,0.0,0.0
178,90.0,90.0,225.0,-135.0,90.0,0.0,-0.7472911817236044,-0.023572658464746443,-0.6363258798577491,0.0,0.0
179,90.0,90.0,270.0,-180.0,90.0,0.0,-0.7472911817236044,-0.023572658464746443,-0.6363258798577491,0.0,0.0
180,90.0,90.0,315.0,135.00000000000003,90.0,0.0,-0.7472911817236044,-0.023572658464746443,-0.6363258798577491,0.0,0.0
181,90.0,135.0,0.0,-90.00000000000001,45.00000000000001,180.0,-0.7472911817236044,-0.023572658464746443,-0.6363258798577491,0.0,0.0
182,90.0,135.0,45.0,-90.00000000000001,45.0,-135.0,-0.7472911817236044,-0.023572658464746443,-0.6363258798577491,0.0,0.0
183,90.0,135.0,90.0,-90.0,45.00000000000001,-90.0,-0.7472911817236044,-0.023572658464746443,-0.6363258798577491,0.0,0.0
184,90.0,135.0,135.0,-90.00000000000001,45.0,-45.0,-0.7472911817236044,-0.023572658464746443,-0.6363258798577491,0.0,0.0
185,90.0,135.0,180.0,-90.00000000000001,45.00000000000001,-7.016709298534876e-15,-0.7472911817236044,-0.023572658464746443,-0.6363258798577491,0.0,0.0
186,90.0,135.0,225.0,-90.00000000000001,45.0,44.99999999999999,-0.7472911817236044,-0.023572658464746443,-0.6363258798577491,0.0,0.0
187,90.0,135.0,270.0,-90.00000000000001,45.00000000000001,89.99999999999999,-0.7472911817236044,-0.023572658464746443,-0.6363258798577491,0.0,0.0
188,90.0,135.0,315.0,-90.00000000000001,45.00000000000001,134.99999999999997,-0.7472911817236044,-0.023572658464746443,-0.6363258798577491,0.0,0.0
189,90.0,180.0,0.0,-90.0,7.016709298534876e-15,180.0,-0.7472911817236044,-0.023572658464746443,-0.6363258798577491,0.0,0.0
190,90.0,180.0,45.0,-90.00000000000001,7.0167092985348775e-15,-135.0,-0.7472911817236044,-0.023572658464746443,-0.6363258798577491,0.0,0.0
191,90.0,180.0,90.0,-90.00000000000001,7.016709298534876e-15,-90.0,-0.7472911817236044,-0.023572658464746443,-0.6363258798577491,0.0,0.0
192,90.0,180.0,135.0,-90.00000000000001,7.016709298534876e-15,-45.00000000000001,-0.7472911817236044,-0.023572658464746443,-0.6363258798577491,0.0,0.0
193,90.0,180.0,180.0,-90.0,7.016709298534876e-15,-7.016709298534876e-15,-0.7472911817236044,-0.023572658464746443,-0.6363258798577491,0.0,0.0
194,90.0,180.0,225.0,-90.00000000000001,7.016709298534876e-15,44.99999999999999,-0.7472911817236044,-0.023572658464746443,-0.6363258798577491,0.0,0.0
195,90.0,180.0,270.0,-90.00000000000001,7.016709298534876e-15,89.99999999999999,-0.7472911817236044,-0.023572658464746443,-0.6363258798577491,0.0,0.0
196,90.0,180.0,315.0,-90.00000000000001,7.016709298534876e-15,135.0,-0.7472911817236044,-0.023572658464746443,-0.6363258798577491,0.0,0.0
197,90.0,225.0,0.0,-90.00000000000001,-44.99999999999999,180.0,-0.7472911817236044,-0.023572658464746443,-0.6363258798577491,0.0,0.0
198,90.0,225.0,45.0,-90.00000000000001,-44.999999999999986,-135.0,-0.7472911817236044,-0.023572658464746443,-0.6363258798577491,0.0,0.0
199,90.0,225.0,90.0,-90.0,-44.99999999999999,-90.0,-0.7472911817236044,-0.023572658464746443,-0.6363258798577491,0.0,0.0
200,90.0,225.0,135.0,-90.00000000000003,-44.999999999999986,-45.0,-0.7472911817236044,-0.023572658464746443,-0.6363258798577491,0.0,0.0
201,90.0,225.0,225.0,-90.0,-44.999999999999986,45.0,-0.7472911817236044,-0.023572658464746443,-0.6363258798577491,0.0,0.0
202,90.0,225.0,270.0,-90.00000000000001,-44.99999999999999,89.99999999999999,-0.7472911817236044,-0.023572658464746443,-0.6363258798577491,0.0,0.0
203,90.0,225.0,315.0,-90.0,-44.99999999999999,135.0,-0.7472911817236044,-0.023572658464746443,-0.6363258798577491,0.0,0.0
204,90.0,270.0,0.0,-90.0,-90.0,0.0,-0.7472911817236044,-0.023572658464746443,-0.6363258798577491,0.0,0.0
205,90.0,270.0,45.0,-45.0,-90.0,0.0,-0.7472911817236044,-0.023572658464746443,-0.6363258798577491,0.0,0.0
206,90.0,270.0,135.0,44.999999999999986,-90.0,0.0,-0.7472911817236044,-0.023572658464746443,-0.6363258798577491,0.0,0.0
207,90.0,270.0,180.0,89.99999999999999,-90.0,0.0,-0.7472911817236044,-0.023572658464746443,-0.6363258798577491,0.0,0.0
208,90.0,270.0,225.0,135.0,-90.0,0.0,-0.7472911817236044,-0.023572658464746443,-0.6363258798577491,0.0,0.0
209,90.0,270.0,270.0,180.0,-90.0,0.0,-0.7472911817236044,-0.023572658464746443,-0.6363258798577491,0.0,0.0
210,90.0,270.0,315.0,-135.00000000000003,-90.0,0.0,-0.7472911817236044,-0.023572658464746443,-0.6363258798577491,0.0,0.0
211,90.0,315.0,45.0,90.00000000000003,-45.000000000000014,44.999999999999986,-0.7472911817236044,-0.023572658464746443,-0.6363258798577491,0.0,0.0
212,90.0,315.0,90.0,90.00000000000001,-45.000000000000014,90.0,-0.7472911817236044,-0.023572658464746443,-0.6363258798577491,0.0,0.0
213,90.0,315.0,135.0,89.99999999999999,-45.00000000000002,135.0,-0.7472911817236044,-0.023572658464746443,-0.6363258798577491,0.0,0.0
214,90.0,315.0,180.0,90.0,-45.000000000000014,180.0,-0.7472911817236044,-0.023572658464746443,-0.6363258798577491,0.0,0.0
215,90.0,315.0,225.0,90.00000000000001,-45.000000000000014,-135.00000000000003,-0.7472911817236044,-0.023572658464746443,-0.6363258798577491,0.0,0.0
216,90.0,315.0,270.0,90.0,-45.000000000000014,-90.00000000000003,-0.7472911817236044,-0.023572658464746443,-0.6363258798577491,0.0,0.0
217,90.0,315.0,315.0,89.99999999999997,-45.000000000000014,-45.00000000000001,-0.7472911817236044,-0.023572658464746443,-0.6363258798577491,0.0,0.0
218,135.0,0.0,0.0,135.0,-0.0,0.0,-0.7472911817236044,-0.023572658464746443,-0.6363258798577491,0.0,0.0
219,135.0,0.0,45.0,135.00000000000003,-0.0,45.0,-0.7472911817236044,-0.023572658464746443,-0.6363258798577491,0.0,0.0
220,135.0,0.0,90.0,135.0,-0.0,90.0,-0.7472911817236044,-0.023572658464746443,-0.6363258798577491,0.0,0.0
221,135.0,0.0,135.0,135.0,-0.0,135.0,-0.7472911817236044,-0.023572658464746443,-0.6363258798577491,0.0,0.0
222,135.0,0.0,180.0,135.0,-0.0,180.0,-0.7472911817236044,-0.023572658464746443,-0.6363258798577491,0.0,0.0
223,135.0,0.0,225.0,135.0,-0.0,-135.00000000000003,-0.7472911817236044,-0.023572658464746443,-0.6363258798577491,0.0,0.0
224,135.0,0.0,270.0,135.0,-0.0,-90.00000000000001,-0.7472911817236044,-0.023572658464746443,-0.6363258798577491,0.0,0.0
225,135.0,0.0,315.0,135.00000000000003,-0.0,-45.000000000000014,-0.7472911817236044,-0.023572658464746443,-0.6363258798577491,0.0,0.0
226,135.0,45.0,0.0,135.0,45.0,0.0,-0.7472911817236044,-0.023572658464746443,-0.6363258798577491,0.0,0.0
227,135.0,45.0,45.0,135.00000000000003,45.0,45.0,-0.7472911817236044,-0.023572658464746443,-0.6363258798577491,0.0,0.0
228,135.0,45.0,90.0,135.0,45.0,90.0,-0.7472911817236044,-0.023572658464746443,-0.6363258798577491,0.0,0.0
229,135.0,45.0,135.0,135.0,45.0,135.0,-0.7472911817236044,-0.023572658464746443,-0.6363258798577491,0.0,0.0
230,135.0,45.0,180.0,135.0,45.0,180.0,-0.7472911817236044,-0.023572658464746443,-0.6363258798577491,0.0,0.0
231,135.0,45.0,225.0,135.0,45.0,-135.0,-0.7472911817236044,-0.023572658464746443,-0.6363258798577491,0.0,0.0
232,135.0,45.0,270.0,135.0,45.0,-90.00000000000003,-0.7472911817236044,-0.023572658464746443,-0.6363258798577491,0.0,0.0
233,135.0,45.0,315.0,135.0,45.0,-45.0,-0.7472911817236044,-0.023572658464746443,-0.6363258798577491,0.0,0.0
234,135.0,90.0,0.0,135.0,90.0,0.0,-0.7472911817236044,-0.023572658464746443,-0.6363258798577491,0.0,0.0
235,135.0,90.0,45.0,90.0,90.0,0.0,-0.7472911817236044,-0.023572658464746443,-0.6363258798577491,0.0,0.0
236,135.0,90.0,90.0,45.0,90.0,0.0,-0.7472911817236044,-0.023572658464746443,-0.6363258798577491,0.0,0.0
237,135.0,90.0,135.0,5.81353709964777e-16,90.0,0.0,-0.7472911817236044,-0.023572658464746443,-0.6363258798577491,0.0,0.0
238,135.0,90.0,180.0,-45.0,90.0,0.0,-0.7472911817236044,-0.023572658464746443,-0.6363258798577491,0.0,0.0
239,135.0,90.0,225.0,-89.99999999999999,90.0,0.0,-0.7472911817236044,-0.023572658464746443,-0.6363258798577491,0.0,0.0
240,135.0,90.0,270.0,-135.0,90.0,0.0,-0.7472911817236044,-0.023572658464746443,-0.6363258798577491,0.0,0.0
241,135.0,90.0,315.0,-180.0,90.0,0.0,-0.7472911817236044,-0.023572658464746443,-0.6363258798577491,0.0,0.0
242,135.0,135.0,0.0,-45.00000000000001,45.00000000000001,180.0,-0.7472911817236044,-0.023572658464746443,-0.6363258798577491,0.0,0.0
243,135.0,135.0,45.0,-45.0,45.0,-135.0,-0.7472911817236044,-0.023572658464746443,-0.6363258798577491,0.0,0.0
244,135.0,135.0,90.0,-45.0,45.00000000000001,-90.0,-0.7472911817236044,-0.023572658464746443,-0.6363258798577491,0.0,0.0
245,135.0,135.0,135.0,-45.0,45.0,-45.0,-0.7472911817236044,-0.023572658464746443,-0.6363258798577491,0.0,0.0
246,135.0,135.0,180.0,-44.99999999999999,45.00000000000001,-7.016709298534876e-15,-0.7472911817236044,-0.023572658464746443,-0.6363258798577491,0.0,0.0
247,135.0,135.0,225.0,-45.00000000000001,45.0,44.99999999999999,-0.7472911817236044,-0.023572658464746443,-0.6363258798577491,0.0,0.0
248,135.0,135.0,270.0,-45.00000000000001,45.00000000000001,89.99999999999999,-0.7472911817236044,-0.023572658464746443,-0.6363258798577491,0.0,0.0
249,135.0,135.0,315.0,-45.00000000000002,45.00000000000001,134.99999999999997,-0.7472911817236044,-0.023572658464746443,-0.6363258798577491,0.0,0.0
250,135.0,180.0,0.0,-45.00000000000001,7.016709298534876e-15,180.0,-0.7472911817236044,-0.023572658464746443,-0.6363258798577491,0.0,0.0
251,135.0,180.0,45.0,-45.0,7.0167092985348775e-15,-135.0,-0.7472911817236044,-0.023572658464746443,-0.6363258798577491,0.0,0.0
252,135.0,180.0,135.0,-45.0,7.016709298534876e-15,-45.00000000000001,-0.7472911817236044,-0.023572658464746443,-0.6363258798577491,0.0,0.0
253,135.0,180.0,180.0,-45.00000000000001,7.016709298534876e-15,-7.016709298534876e-15,-0.7472911817236044,-0.023572658464746443,-0.6363258798577491,0.0,0.0
254,135.0,180.0,225.0,-45.000000000000014,7.016709298534876e-15,44.99999999999999,-0.7472911817236044,-0.023572658464746443,-0.6363258798577491,0.0,0.0
255,135.0,180.0,270.0,-45.00000000000001,7.016709298534876e-15,89.99999999999999,-0.7472911817236044,-0.023572658464746443,-0.6363258798577491,0.0,0.0
256,135.0,180.0,315.0,-45.0,7.016709298534876e-15,135.0,-0.7472911817236044,-0.023572658464746443,-0.6363258798577491,0.0,0.0
257,135.0,225.0,0.0,-45.0,-44.99999999999999,180.0,-0.7472911817236044,-0.023572658464746443,-0.6363258798577491,0.0,0.0
258,135.0,225.0,45.0,-45.0,-44.999999999999986,-135.0,-0.7472911817236044,-0.023572658464746443,-0.6363258798577491,0.0,0.0
259,135.0,225.0,135.0,-45.00000000000003,-44.999999999999986,-45.0,-0.7472911817236044,-0.023572658464746443,-0.6363258798577491,0.0,0.0
260,135.0,225.0,225.0,-45.000000000000014,-44.999999999999986,45.0,-0.7472911817236044,-0.023572658464746443,-0.6363258798577491,0.0,0.0
261,135.0,225.0,270.0,-45.00000000000002,-44.99999999999999,89.99999999999999,-0.7472911817236044,-0.023572658464746443,-0.6363258798577491,0.0,0.0
262,135.0,225.0,315.0,-45.000000000000014,-44.99999999999999,135.0,-0.7472911817236044,-0.023572658464746443,-0.6363258798577491,0.0,0.0
263,135.0,270.0,0.0,-45.00000000000001,-90.0,0.0,-0.7472911817236044,-0.023572658464746443,-0.6363258798577491,0.0,0.0
264,135.0,270.0,90.0,44.999999999999986,-90.0,0.0,-0.7472911817236044,-0.023572658464746443,-0.6363258798577491,0.0,0.0
265,135.0,270.0,135.0,89.99999999999999,-90.0,0.0,-0.7472911817236044,-0.023572658464746443,-0.6363258798577491,0.0,0.0
266,135.0,270.0,180.0,135.0,-90.0,0.0,-0.7472911817236044,-0.023572658464746443,-0.6363258798577491,0.0,0.0
267,135.0,270.0,225.0,180.0,-89.99999999999999,0.0,-0.7472911817236044,-0.023572658464746443,-0.6363258798577491,0.0,0.0
268,135.0,270.0,270.0,-135.00000000000003,-90.0,0.0,-0.7472911817236044,-0.023572658464746443,-0.6363258798577491,0.0,0.0
269,135.0,270.0,315.0,-90.00000000000001,-90.0,0.0,-0.7472911817236044,-0.023572658464746443,-0.6363258798577491,0.0,0.0
270,135.0,315.0,45.0,135.00000000000003,-45.000000000000014,44.999999999999986,-0.7472911817236044,-0.023572658464746443,-0.6363258798577491,0.0,0.0
271,135.0,315.0,90.0,135.0,-45.000000000000014,90.0,-0.7472911817236044,-0.023572658464746443,-0.6363258798577491,0.0,0.0
272,135.0,315.0,135.0,134.99999999999997,-45.00000000000002,135.0,-0.7472911817236044,-0.023572658464746443,-0.6363258798577491,0.0,0.0
273,135.0,315.0,180.0,135.0,-45.000000000000014,180.0,-0.7472911817236044,-0.023572658464746443,-0.6363258798577491,0.0,0.0
274,135.0,315.0,225.0,135.0,-45.000000000000014,-135.00000000000003,-0.7472911817236044,-0.023572658464746443,-0.6363258798577491,0.0,0.0
275,135.0,315.0,270.0,135.0,-45.000000000000014,-90.00000000000003,-0.7472911817236044,-0.023572658464746443,-0.6363258798577491,0.0,0.0
276,135.0,315.0,315.0,135.0,-45.000000000000014,-45.00000000000001,-0.7472911817236044,-0.023572658464746443,-0.6363258798577491,0.0,0.0
277,180.0,0.0,0.0,180.0,-0.0,0.0,-0.7472911817236044,-0.023572658464746443,-0.6363258798577491,0.0,0.0
278,180.0,0.0,45.0,180.0,-0.0,45.0,-0.7472911817236044,-0.023572658464746443,-0.6363258798577491,0.0,0.0
279,180.0,0.0,90.0,180.0,-0.0,90.0,-0.7472911817236044,-0.023572658464746443,-0.6363258798577491,0.0,0.0
280,180.0,0.0,135.0,180.0,-0.0,135.0,-0.7472911817236044,-0.023572658464746443,-0.6363258798577491,0.0,0.0
281,180.0,0.0,180.0,180.0,-0.0,180.0,-0.7472911817236044,-0.023572658464746443,-0.6363258798577491,0.0,0.0
282,180.0,0.0,225.0,180.0,-0.0,-135.00000000000003,-0.7472911817236044,-0.023572658464746443,-0.6363258798577491,0.0,0.0
283,180.0,0.0,270.0,180.0,-0.0,-90.00000000000001,-0.7472911817236044,-0.023572658464746443,-0.6363258798577491,0.0,0.0
284,180.0,0.0,315.0,180.0,-0.0,-45.000000000000014,-0.7472911817236044,-0.023572658464746443,-0.6363258798577491,0.0,0.0
285,180.0,45.0,0.0,180.0,45.0,0.0,-0.7472911817236044,-0.023572658464746443,-0.6363258798577491,0.0,0.0
286,180.0,45.0,45.0,179.99999999999997,45.0,45.0,-0.7472911817236044,-0.023572658464746443,-0.6363258798577491,0.0,0.0
287,180.0,45.0,90.0,180.0,45.0,90.0,-0.7472911817236044,-0.023572658464746443,-0.6363258798577491,0.0,0.0
288,180.0,45.0,135.0,180.0,45.0,135.0,-0.7472911817236044,-0.023572658464746443,-0.6363258798577491,0.0,0.0
289,180.0,45.0,180.0,180.0,45.0,180.0,-0.7472911817236044,-0.023572658464746443,-0.6363258798577491,0.0,0.0
290,180.0,45.0,225.0,180.0,45.0,-135.0,-0.7472911817236044,-0.023572658464746443,-0.6363258798577491,0.0,0.0
291,180.0,45.0,270.0,180.0,45.0,-90.00000000000003,-0.7472911817236044,-0.023572658464746443,-0.6363258798577491,0.0,0.0
292,180.0,45.0,315.0,-180.0,45.0,-45.0,-0.7472911817236044,-0.023572658464746443,-0.6363258798577491,0.0,0.0
293,180.0,90.0,0.0,180.0,90.0,0.0,-0.7472911817236044,-0.023572658464746443,-0.6363258798577491,0.0,0.0
294,180.0,90.0,45.0,135.0,90.0,0.0,-0.7472911817236044,-0.023572658464746443,-0.6363258798577491,0.0,0.0
295,180.0,90.0,90.0,90.0,90.00000000000001,0.0,-0.7472911817236044,-0.023572658464746443,-0.6363258798577491,0.0,0.0
296,180.0,90.0,135.0,45.00000000000001,90.0,0.0,-0.7472911817236044,-0.023572658464746443,-0.6363258798577491,0.0,0.0
297,180.0,90.0,180.0,4.296495291499103e-31,90.0,0.0,-0.7472911817236044,-0.023572658464746443,-0.6363258798577491,0.0,0.0
298,180.0,90.0,225.0,-45.00000000000001,90.0,0.0,-0.7472911817236044,-0.023572658464746443,-0.6363258798577491,0.0,0.0
299,180.0,90.0,270.0,-90.0,90.00000000000001,0.0,-0.7472911817236044,-0.023572658464746443,-0.6363258798577491,0.0,0.0
300,180.0,90.0,315.0,-135.0,90.0,0.0,-0.7472911817236044,-0.023572658464746443,-0.6363258798577491,0.0,0.0
301,180.0,135.0,0.0,-7.016709298534876e-15,45.00000000000001,180.0,-0.7472911817236044,-0.023572658464746443,-0.6363258798577491,0.0,0.0
302,180.0,135.0,45.0,-1.067960258129983e-14,45.0,-135.0,-0.7472911817236044,-0.023572658464746443,-0.6363258798577491,0.0,0.0
303,180.0,135.0,90.0,5.864715940010809e-15,45.00000000000001,-90.0,-0.7472911817236044,-0.023572658464746443,-0.6363258798577491,0.0,0.0
304,180.0,135.0,135.0,-3.3288361001055143e-15,45.0,-45.0,-0.7472911817236044,-0.023572658464746443,-0.6363258798577491,0.0,0.0
305,180.0,135.0,225.0,-1.4663098165474264e-14,45.0,44.99999999999999,-0.7472911817236044,-0.023572658464746443,-0.6363258798577491,0.0,0.0
306,180.0,135.0,270.0,-8.99596713278989e-15,45.00000000000001,89.99999999999999,-0.7472911817236044,-0.023572658464746443,-0.6363258798577491,0.0,0.0
307,180.0,135.0,315.0,-4.934717905527348e-15,45.00000000000001,134.99999999999997,-0.7472911817236044,-0.023572658464746443,-0.6363258798577491,0.0,0.0
308,180.0,180.0,0.0,-7.016709298534876e-15,7.016709298534876e-15,180.0,-0.7472911817236044,-0.023572658464746443,-0.6363258798577491,0.0,0.0
309,180.0,180.0,45.0,-7.016709298534876e-15,7.0167092985348775e-15,-135.0,-0.7472911817236044,-0.023572658464746443,-0.6363258798577491,0.0,0.0
310,180.0,180.0,90.0,-7.016709298534876e-15,7.016709298534876e-15,-90.0,-0.7472911817236044,-0.023572658464746443,-0.6363258798577491,0.0,0.0
311,180.0,180.0,135.0,-2.906416154682552e-15,7.016709298534876e-15,-45.00000000000001,-0.7472911817236044,-0.023572658464746443,-0.6363258798577491,0.0,0.0
312,180.0,180.0,225.0,-9.815802571171516e-15,7.016709298534876e-15,44.99999999999999,-0.7472911817236044,-0.023572658464746443,-0.6363258798577491,0.0,0.0
313,180.0,180.0,270.0,-7.016709298534875e-15,7.016709298534876e-15,89.99999999999999,-0.7472911817236044,-0.023572658464746443,-0.6363258798577491,0.0,0.0
314,180.0,180.0,315.0,-7.016709298534875e-15,7.016709298534876e-15,135.0,-0.7472911817236044,-0.023572658464746443,-0.6363258798577491,0.0,0.0
315,180.0,225.0,45.0,-7.795610737120311e-15,-44.999999999999986,-135.0,-0.7472911817236044,-0.023572658464746443,-0.6363258798577491,0.0,0.0
316,180.0,225.0,90.0,-2.698790139836966e-14,-44.99999999999999,-90.0,-0.7472911817236044,-0.023572658464746443,-0.6363258798577491,0.0,0.0
317,180.0,225.0,135.0,-2.022126662569038e-14,-44.999999999999986,-45.0,-0.7472911817236044,-0.023572658464746443,-0.6363258798577491,0.0,0.0
318,180.0,225.0,225.0,-7.717319733307718e-16,-44.999999999999986,45.0,-0.7472911817236044,-0.023572658464746443,-0.6363258798577491,0.0,0.0
319,180.0,225.0,270.0,-1.272221872585406e-14,-44.99999999999999,89.99999999999999,-0.7472911817236044,-0.023572658464746443,-0.6363258798577491,0.0,0.0
320,180.0,225.0,315.0,-8.806945457990272e-16,-44.99999999999999,135.0,-0.7472911817236044,-0.023572658464746443,-0.6363258798577491,0.0,0.0
321,180.0,270.0,45.0,44.999999999999986,-89.99999999999999,0.0,-0.7472911817236044,-0.023572658464746443,-0.6363258798577491,0.0,0.0
322,180.0,270.0,90.0,89.99999999999999,-89.99999999999999,0.0,-0.7472911817236044,-0.023572658464746443,-0.6363258798577491,0.0,0.0
323,180.0,270.0,135.0,135.0,-89.99999999999999,0.0,-0.7472911817236044,-0.023572658464746443,-0.6363258798577491,0.0,0.0
324,180.0,270.0,180.0,180.0,-89.99999999999999,0.0,-0.7472911817236044,-0.023572658464746443,-0.6363258798577491,0.0,0.0
325,180.0,270.0,225.0,-135.00000000000003,-89.99999999999999,0.0,-0.7472911817236044,-0.023572658464746443,-0.6363258798577491,0.0,0.0
326,180.0,270.0,270.0,-90.00000000000001,-89.99999999999999,0.0,-0.7472911817236044,-0.023572658464746443,-0.6363258798577491,0.0,0.0
327,180.0,270.0,315.0,-45.00000000000003,-89.99999999999999,0.0,-0.7472911817236044,-0.023572658464746443,-0.6363258798577491,0.0,0.0
328,180.0,315.0,45.0,180.0,-45.000000000000014,44.999999999999986,-0.7472911817236044,-0.023572658464746443,-0.6363258798577491,0.0,0.0
329,180.0,315.0,90.0,180.0,-45.000000000000014,90.0,-0.7472911817236044,-0.023572658464746443,-0.6363258798577491,0.0,0.0
330,180.0,315.0,135.0,180.0,-45.00000000000002,135.0,-0.7472911817236044,-0.023572658464746443,-0.6363258798577491,0.0,0.0
331,180.0,315.0,180.0,180.0,-45.000000000000014,180.0,-0.7472911817236044,-0.023572658464746443,-0.6363258798577491,0.0,0.0
332,180.0,315.0,225.0,180.0,-45.000000000000014,-135.00000000000003,-0.7472911817236044,-0.023572658464746443,-0.6363258798577491,0.0,0.0
333,180.0,315.0,270.0,180.0,-45.000000000000014,-90.00000000000003,-0.7472911817236044,-0.023572658464746443,-0.6363258798577491,0.0,0.0
334,180.0,315.0,315.0,180.0,-45.000000000000014,-45.00000000000001,-0.7472911817236044,-0.023572658464746443,-0.6363258798577491,0.0,0.0
335,225.0,0.0,0.0,-135.00000000000003,-0.0,0.0,-0.7472911817236044,-0.023572658464746443,-0.6363258798577491,0.0,0.0
336,225.0,0.0,45.0,-135.0,-0.0,45.0,-0.7472911817236044,-0.023572658464746443,-0.6363258798577491,0.0,0.0
337,225.0,0.0,90.0,-135.00000000000003,-0.0,90.0,-0.7472911817236044,-0.023572658464746443,-0.6363258798577491,0.0,0.0
338,225.0,0.0,135.0,-135.0,-0.0,135.0,-0.7472911817236044,-0.023572658464746443,-0.6363258798577491,0.0,0.0
339,225.0,0.0,180.0,-135.00000000000003,-0.0,180.0,-0.7472911817236044,-0.023572658464746443,-0.6363258798577491,0.0,0.0
340,225.0,0.0,225.0,-135.0,-0.0,-135.00000000000003,-0.7472911817236044,-0.023572658464746443,-0.6363258798577491,0.0,0.0
341,225.0,0.0,270.0,-135.00000000000003,-0.0,-90.00000000000001,-0.7472911817236044,-0.023572658464746443,-0.6363258798577491,0.0,0.0
342,225.0,0.0,315.0,-135.00000000000003,-0.0,-45.000000000000014,-0.7472911817236044,-0.023572658464746443,-0.6363258798577491,0.0,0.0
343,225.0,45.0,0.0,-135.00000000000003,45.0,0.0,-0.7472911817236044,-0.023572658464746443,-0.6363258798577491,0.0,0.0
344,225.0,45.0,45.0,-135.00000000000003,45.0,45.0,-0.7472911817236044,-0.023572658464746443,-0.6363258798577491,0.0,0.0
345,225.0,45.0,90.0,-135.00000000000003,45.0,90.0,-0.7472911817236044,-0.023572658464746443,-0.6363258798577491,0.0,0.0
346,225.0,45.0,135.0,-135.00000000000003,45.0,135.0,-0.7472911817236044,-0.023572658464746443,-0.6363258798577491,0.0,0.0
347,225.0,45.0,180.0,-135.0,45.0,180.0,-0.7472911817236044,-0.023572658464746443,-0.6363258798577491,0.0,0.0
348,225.0,45.0,225.0,-135.0,45.0,-135.0,-0.7472911817236044,-0.023572658464746443,-0.6363258798577491,0.0,0.0
349,225.0,45.0,270.0,-135.00000000000003,45.0,-90.00000000000003,-0.7472911817236044,-0.023572658464746443,-0.6363258798577491,0.0,0.0
350,225.0,45.0,315.0,-134.99999999999997,45.0,-45.0,-0.7472911817236044,-0.023572658464746443,-0.6363258798577491,0.0,0.0
351,225.0,90.0,0.0,-135.00000000000003,90.0,0.0,-0.7472911817236044,-0.023572658464746443,-0.6363258798577491,0.0,0.0
352,225.0,90.0,45.0,180.0,90.0,0.0,-0.7472911817236044,-0.023572658464746443,-0.6363258798577491,0.0,0.0
353,225.0,90.0,90.0,135.0,90.0,0.0,-0.7472911817236044,-0.023572658464746443,-0.6363258798577491,0.0,0.0
354,225.0,90.0,135.0,89.99999999999999,90.0,0.0,-0.7472911817236044,-0.023572658464746443,-0.6363258798577491,0.0,0.0
355,225.0,90.0,180.0,45.0,90.0,0.0,-0.7472911817236044,-0.023572658464746443,-0.6363258798577491,0.0,0.0
356,225.0,90.0,225.0,-2.4444795064968655e-15,90.0,0.0,-0.7472911817236044,-0.023572658464746443,-0.6363258798577491,0.0,0.0
357,225.0,90.0,270.0,-45.0,90.0,0.0,-0.7472911817236044,-0.023572658464746443,-0.6363258798577491,0.0,0.0
358,225.0,90.0,315.0,-90.0,90.0,0.0,-0.7472911817236044,-0.023572658464746443,-0.6363258798577491,0.0,0.0
359,225.0,135.0,0.0,44.999999999999986,45.00000000000001,180.0,-0.7472911817236044,-0.023572658464746443,-0.6363258798577491,0.0,0.0
360,225.0,135.0,45.0,44.99999999999998,45.0,-135.0,-0.7472911817236044,-0.023572658464746443,-0.6363258798577491,0.0,0.0
361,225.0,135.0,90.0,44.99999999999997,45.00000000000001,-90.0,-0.7472911817236044,-0.023572658464746443,-0.6363258798577491,0.0,0.0
362,225.0,135.0,135.0,44.99999999999999,45.0,-45.0,-0.7472911817236044,-0.023572658464746443,-0.6363258798577491,0.0,0.0
363,225.0,135.0,180.0,44.99999999999999,45.00000000000001,-7.016709298534876e-15,-0.7472911817236044,-0.023572658464746443,-0.6363258798577491,0.0,0.0
364,225.0,135.0,225.0,45.00000000000001,45.0,44.99999999999999,-0.7472911817236044,-0.023572658464746443,-0.6363258798577491,0.0,0.0
365,225.0,135.0,270.0,44.999999999999986,45.00000000000001,89.99999999999999,-0.7472911817236044,-0.023572658464746443,-0.6363258798577491,0.0,0.0
366,225.0,135.0,315.0,44.99999999999999,45.00000000000001,134.99999999999997,-0.7472911817236044,-0.023572658464746443,-0.6363258798577491,0.0,0.0
367,225.0,180.0,0.0,44.99999999999998,7.016709298534876e-15,180.0,-0.7472911817236044,-0.023572658464746443,-0.6363258798577491,0.0,0.0
368,225.0,180.0,45.0,44.99999999999997,7.0167092985348775e-15,-135.0,-0.7472911817236044,-0.023572658464746443,-0.6363258798577491,0.0,0.0
369,225.0,180.0,90.0,44.99999999999999,7.016709298534876e-15,-90.0,-0.7472911817236044,-0.023572658464746443,-0.6363258798577491,0.0,0.0
370,225.0,180.0,135.0,45.00000000000001,7.016709298534876e-15,-45.00000000000001,-0.7472911817236044,-0.023572658464746443,-0.6363258798577491,0.0,0.0
371,225.0,180.0,180.0,44.99999999999999,7.016709298534876e-15,-7.016709298534876e-15,-0.7472911817236044,-0.023572658464746443,-0.6363258798577491,0.0,0.0
372,225.0,180.0,315.0,45.00000000000001,7.016709298534876e-15,135.0,-0.7472911817236044,-0.023572658464746443,-0.6363258798577491,0.0,0.0
373,225.0,225.0,0.0,44.999999999999986,-44.99999999999999,180.0,-0.7472911817236044,-0.023572658464746443,-0.6363258798577491,0.0,0.0
374,225.0,225.0,45.0,44.99999999999999,-44.999999999999986,-135.0,-0.7472911817236044,-0.023572658464746443,-0.6363258798577491,0.0,0.0
375,225.0,225.0,90.0,44.99999999999998,-44.99999999999999,-90.0,-0.7472911817236044,-0.023572658464746443,-0.6363258798577491,0.0,0.0
376,225.0,225.0,135.0,44.99999999999998,-44.999999999999986,-45.0,-0.7472911817236044,-0.023572658464746443,-0.6363258798577491,0.0,0.0
377,225.0,225.0,225.0,44.99999999999999,-44.999999999999986,45.0,-0.7472911817236044,-0.023572658464746443,-0.6363258798577491,0.0,0.0
378,225.0,225.0,315.0,44.999999999999986,-44.99999999999999,135.0,-0.7472911817236044,-0.023572658464746443,-0.6363258798577491,0.0,0.0
379,225.0,270.0,0.0,44.99999999999998,-90.0,0.0,-0.7472911817236044,-0.023572658464746443,-0.6363258798577491,0.0,0.0
380,225.0,270.0,45.0,89.99999999999999,-90.0,0.0,-0.7472911817236044,-0.023572658464746443,-0.6363258798577491,0.0,0.0
381,225.0,270.0,90.0,135.0,-90.0,0.0,-0.7472911817236044,-0.023572658464746443,-0.6363258798577491,0.0,0.0
382,225.0,270.0,135.0,180.0,-89.99999999999999,0.0,-0.7472911817236044,-0.023572658464746443,-0.6363258798577491,0.0,0.0
383,225.0,270.0,180.0,-135.00000000000003,-90.0,0.0,-0.7472911817236044,-0.023572658464746443,-0.6363258798577491,0.0,0.0
384,225.0,270.0,225.0,-90.00000000000003,-90.0,0.0,-0.7472911817236044,-0.023572658464746443,-0.6363258798577491,0.0,0.0
385,225.0,270.0,270.0,-45.00000000000001,-90.0,0.0,-0.7472911817236044,-0.023572658464746443,-0.6363258798577491,0.0,0.0
386,225.0,315.0,45.0,-135.0,-45.000000000000014,44.999999999999986,-0.7472911817236044,-0.023572658464746443,-0.6363258798577491,0.0,0.0
387,225.0,315.0,90.0,-135.00000000000003,-45.000000000000014,90.0,-0.7472911817236044,-0.023572658464746443,-0.6363258798577491,0.0,0.0
388,225.0,315.0,135.0,-135.00000000000003,-45.00000000000002,135.0,-0.7472911817236044,-0.023572658464746443,-0.6363258798577491,0.0,0.0
389,225.0,315.0,180.0,-135.00000000000003,-45.000000000000014,180.0,-0.7472911817236044,-0.023572658464746443,-0.6363258798577491,0.0,0.0
390,225.0,315.0,225.0,-135.0,-45.000000000000014,-135.00000000000003,-0.7472911817236044,-0.023572658464746443,-0.6363258798577491,0.0,0.0
391,225.0,315.0,270.0,-135.0,-45.000000000000014,-90.00000000000003,-0.7472911817236044,-0.023572658464746443,-0.6363258798577491,0.0,0.0
392,225.0,315.0,315.0,-135.00000000000003,-45.000000000000014,-45.00000000000001,-0.7472911817236044,-0.023572658464746443,-0.6363258798577491,0.0,0.0
393,270.0,0.0,0.0,-90.00000000000001,-0.0,0.0,-0.7472911817236044,-0.023572658464746443,-0.6363258798577491,0.0,0.0
394,270.0,0.0,45.0,-90.00000000000001,-0.0,45.0,-0.7472911817236044,-0.023572658464746443,-0.6363258798577491,0.0,0.0
395,270.0,0.0,90.0,-90.00000000000001,-0.0,90.0,-0.7472911817236044,-0.023572658464746443,-0.6363258798577491,0.0,0.0
396,270.0,0.0,135.0,-90.00000000000001,-0.0,135.0,-0.7472911817236044,-0.023572658464746443,-0.6363258798577491,0.0,0.0
397,270.0,0.0,180.0,-90.00000000000001,-0.0,180.0,-0.7472911817236044,-0.023572658464746443,-0.6363258798577491,0.0,0.0
398,270.0,0.0,225.0,-90.00000000000001,-0.0,-135.00000000000003,-0.7472911817236044,-0.023572658464746443,-0.6363258798577491,0.0,0.0
399,270.0,0.0,270.0,-90.00000000000001,-0.0,-90.00000000000001,-0.7472911817236044,-0.023572658464746443,-0.6363258798577491,0.0,0.0
400,270.0,0.0,315.0,-90.00000000000001,-0.0,-45.000000000000014,-0.7472911817236044,-0.023572658464746443,-0.6363258798577491,0.0,0.0
401,270.0,45.0,0.0,-90.00000000000001,45.0,0.0,-0.7472911817236044,-0.023572658464746443,-0.6363258798577491,0.0,0.0
402,270.0,45.0,45.0,-90.00000000000001,45.0,45.0,-0.7472911817236044,-0.023572658464746443,-0.6363258798577491,0.0,0.0
403,270.0,45.0,90.0,-90.00000000000001,45.0,90.0,-0.7472911817236044,-0.023572658464746443,-0.6363258798577491,0.0,0.0
404,270.0,45.0,135.0,-90.00000000000003,45.0,135.0,-0.7472911817236044,-0.023572658464746443,-0.6363258798577491,0.0,0.0
405,270.0,45.0,180.0,-90.00000000000001,45.0,180.0,-0.7472911817236044,-0.023572658464746443,-0.6363258798577491,0.0,0.0
406,270.0,45.0,225.0,-90.00000000000001,45.0,-135.0,-0.7472911817236044,-0.023572658464746443,-0.6363258798577491,0.0,0.0
407,270.0,45.0,270.0,-90.00000000000001,45.0,-90.00000000000003,-0.7472911817236044,-0.023572658464746443,-0.6363258798577491,0.0,0.0
408,270.0,45.0,315.0,-90.00000000000001,45.0,-45.0,-0.7472911817236044,-0.023572658464746443,-0.6363258798577491,0.0,0.0
409,270.0,90.0,0.0,-90.00000000000001,90.0,0.0,-0.7472911817236044,-0.023572658464746443,-0.6363258798577491,0.0,0.0
410,270.0,90.0,45.0,-135.0,90.0,0.0,-0.7472911817236044,-0.023572658464746443,-0.6363258798577491,0.0,0.0
411,270.0,90.0,90.0,180.0,90.0,0.0,-0.7472911817236044,-0.023572658464746443,-0.6363258798577491,0.0,0.0
412,270.0,90.0,135.0,135.0,90.0,0.0,-0.7472911817236044,-0.023572658464746443,-0.6363258798577491,0.0,0.0
413,270.0,90.0,180.0,90.0,90.0,0.0,-0.7472911817236044,-0.023572658464746443,-0.6363258798577491,0.0,0.0
414,270.0,90.0,225.0,45.0,90.0,0.0,-0.7472911817236044,-0.023572658464746443,-0.6363258798577491,0.0,0.0
415,270.0,90.0,270.0,0.0,90.0,0.0,-0.7472911817236044,-0.023572658464746443,-0.6363258798577491,0.0,0.0
416,270.0,90.0,315.0,-45.0,90.0,0.0,-0.7472911817236044,-0.023572658464746443,-0.6363258798577491,0.0,0.0
417,270.0,135.0,0.0,89.99999999999999,45.00000000000001,180.0,-0.7472911817236044,-0.023572658464746443,-0.6363258798577491,0.0,0.0
418,270.0,135.0,45.0,90.00000000000001,45.0,-135.0,-0.7472911817236044,-0.023572658464746443,-0.6363258798577491,0.0,0.0
419,270.0,135.0,90.0,89.99999999999999,45.00000000000001,-90.0,-0.7472911817236044,-0.023572658464746443,-0.6363258798577491,0.0,0.0
420,270.0,135.0,135.0,90.00000000000001,45.0,-45.0,-0.7472911817236044,-0.023572658464746443,-0.6363258798577491,0.0,0.0
421,270.0,135.0,180.0,89.99999999999999,45.00000000000001,-7.016709298534876e-15,-0.7472911817236044,-0.023572658464746443,-0.6363258798577491,0.0,0.0
422,270.0,135.0,225.0,90.00000000000001,45.0,44.99999999999999,-0.7472911817236044,-0.023572658464746443,-0.6363258798577491,0.0,0.0
423,270.0,135.0,270.0,90.0,45.00000000000001,89.99999999999999,-0.7472911817236044,-0.023572658464746443,-0.6363258798577491,0.0,0.0
424,270.0,135.0,315.0,90.0,45.00000000000001,134.99999999999997,-0.7472911817236044,-0.023572658464746443,-0.6363258798577491,0.0,0.0
425,270.0,180.0,0.0,89.99999999999999,7.016709298534876e-15,180.0,-0.7472911817236044,-0.023572658464746443,-0.6363258798577491,0.0,0.0
426,270.0,180.0,45.0,90.0,7.0167092985348775e-15,-135.0,-0.7472911817236044,-0.023572658464746443,-0.6363258798577491,0.0,0.0
427,270.0,180.0,90.0,89.99999999999999,7.016709298534876e-15,-90.0,-0.7472911817236044,-0.023572658464746443,-0.6363258798577491,0.0,0.0
428,270.0,180.0,135.0,89.99999999999999,7.016709298534876e-15,-45.00000000000001,-0.7472911817236044,-0.023572658464746443,-0.6363258798577491,0.0,0.0
429,270.0,180.0,180.0,89.99999999999999,7.016709298534876e-15,-7.016709298534876e-15,-0.7472911817236044,-0.023572658464746443,-0.6363258798577491,0.0,0.0
430,270.0,180.0,225.0,90.0,7.016709298534876e-15,44.99999999999999,-0.7472911817236044,-0.023572658464746443,-0.6363258798577491,0.0,0.0
431,270.0,180.0,270.0,90.0,7.016709298534876e-15,89.99999999999999,-0.7472911817236044,-0.023572658464746443,-0.6363258798577491,0.0,0.0
432,270.0,180.0,315.0,90.0,7.016709298534876e-15,135.0,-0.7472911817236044,-0.023572658464746443,-0.6363258798577491,0.0,0.0
433,270.0,225.0,0.0,89.99999999999999,-44.99999999999999,180.0,-0.7472911817236044,-0.023572658464746443,-0.6363258798577491,0.0,0.0
434,270.0,225.0,45.0,90.0,-44.999999999999986,-135.0,-0.7472911817236044,-0.023572658464746443,-0.6363258798577491,0.0,0.0
435,270.0,225.0,90.0,89.99999999999999,-44.99999999999999,-90.0,-0.7472911817236044,-0.023572658464746443,-0.6363258798577491,0.0,0.0
436,270.0,225.0,135.0,89.99999999999997,-44.999999999999986,-45.0,-0.7472911817236044,-0.023572658464746443,-0.6363258798577491,0.0,0.0
437,270.0,225.0,225.0,89.99999999999997,-44.999999999999986,45.0,-0.7472911817236044,-0.023572658464746443,-0.6363258798577491,0.0,0.0
438,270.0,225.0,270.0,90.0,-44.99999999999999,89.99999999999999,-0.7472911817236044,-0.023572658464746443,-0.6363258798577491,0.0,0.0
439,270.0,225.0,315.0,90.0,-44.99999999999999,135.0,-0.7472911817236044,-0.023572658464746443,-0.6363258798577491,0.0,0.0
440,270.0,270.0,0.0,89.99999999999999,-90.0,0.0,-0.7472911817236044,-0.023572658464746443,-0.6363258798577491,0.0,0.0
441,270.0,270.0,45.0,134.99999999999997,-90.0,0.0,-0.7472911817236044,-0.023572658464746443,-0.6363258798577491,0.0,0.0
442,270.0,270.0,90.0,180.0,-90.0,0.0,-0.7472911817236044,-0.023572658464746443,-0.6363258798577491,0.0,0.0
443,270.0,270.0,135.0,-135.00000000000003,-90.0,0.0,-0.7472911817236044,-0.023572658464746443,-0.6363258798577491,0.0,0.0
444,270.0,270.0,180.0,-90.00000000000001,-90.0,0.0,-0.7472911817236044,-0.023572658464746443,-0.6363258798577491,0.0,0.0
445,270.0,270.0,225.0,-45.00000000000003,-90.0,0.0,-0.7472911817236044,-0.023572658464746443,-0.6363258798577491,0.0,0.0
446,270.0,270.0,315.0,44.99999999999998,-90.0,0.0,-0.7472911817236044,-0.023572658464746443,-0.6363258798577491,0.0,0.0
447,270.0,315.0,45.0,-90.00000000000001,-45.000000000000014,44.999999999999986,-0.7472911817236044,-0.023572658464746443,-0.6363258798577491,0.0,0.0
448,270.0,315.0,90.0,-90.00000000000001,-45.000000000000014,90.0,-0.7472911817236044,-0.023572658464746443,-0.6363258798577491,0.0,0.0
449,270.0,315.0,135.0,-90.00000000000001,-45.00000000000002,135.0,-0.7472911817236044,-0.023572658464746443,-0.6363258798577491,0.0,0.0
450,270.0,315.0,180.0,-90.00000000000001,-45.000000000000014,180.0,-0.7472911817236044,-0.023572658464746443,-0.6363258798577491,0.0,0.0
451,270.0,315.0,225.0,-90.0,-45.000000000000014,-135.00000000000003,-0.7472911817236044,-0.023572658464746443,-0.6363258798577491,0.0,0.0
452,270.0,315.0,270.0,-90.00000000000001,-45.000000000000014,-90.00000000000003,-0.7472911817236044,-0.023572658464746443,-0.6363258798577491,0.0,0.0
453,270.0,315.0,315.0,-90.00000000000001,-45.000000000000014,-45.00000000000001,-0.7472911817236044,-0.023572658464746443,-0.6363258798577491,0.0,0.0
454,315.0,0.0,0.0,-45.000000000000014,-0.0,0.0,-0.7472911817236044,-0.023572658464746443,-0.6363258798577491,0.0,0.0
455,315.0,0.0,45.0,-45.000000000000014,-0.0,45.0,-0.7472911817236044,-0.023572658464746443,-0.6363258798577491,0.0,0.0
456,315.0,0.0,90.0,-45.000000000000014,-0.0,90.0,-0.7472911817236044,-0.023572658464746443,-0.6363258798577491,0.0,0.0
457,315.0,0.0,135.0,-45.000000000000014,-0.0,135.0,-0.7472911817236044,-0.023572658464746443,-0.6363258798577491,0.0,0.0
458,315.0,0.0,180.0,-45.000000000000014,-0.0,180.0,-0.7472911817236044,-0.023572658464746443,-0.6363258798577491,0.0,0.0
459,315.0,0.0,225.0,-45.000000000000014,-0.0,-135.00000000000003,-0.7472911817236044,-0.023572658464746443,-0.6363258798577491,0.0,0.0
460,315.0,0.0,315.0,-45.0,-0.0,-45.000000000000014,-0.7472911817236044,-0.023572658464746443,-0.6363258798577491,0.0,0.0
461,315.0,45.0,0.0,-45.000000000000014,45.0,0.0,-0.7472911817236044,-0.023572658464746443,-0.6363258798577491,0.0,0.0
462,315.0,45.0,45.0,-45.00000000000002,45.0,45.0,-0.7472911817236044,-0.023572658464746443,-0.6363258798577491,0.0,0.0
463,315.0,45.0,90.0,-45.00000000000001,45.0,90.0,-0.7472911817236044,-0.023572658464746443,-0.6363258798577491,0.0,0.0
464,315.0,45.0,135.0,-45.000000000000014,45.0,135.0,-0.7472911817236044,-0.023572658464746443,-0.6363258798577491,0.0,0.0
465,315.0,45.0,180.0,-45.0,45.0,180.0,-0.7472911817236044,-0.023572658464746443,-0.6363258798577491,0.0,0.0
466,315.0,45.0,225.0,-45.000000000000014,45.0,-135.0,-0.7472911817236044,-0.023572658464746443,-0.6363258798577491,0.0,0.0
467,315.0,45.0,270.0,-45.00000000000002,45.0,-90.00000000000003,-0.7472911817236044,-0.023572658464746443,-0.6363258798577491,0.0,0.0
468,315.0,45.0,315.0,-45.00000000000002,45.0,-45.0,-0.7472911817236044,-0.023572658464746443,-0.6363258798577491,0.0,0.0
469,315.0,90.0,0.0,-45.000000000000014,90.0,0.0,-0.7472911817236044,-0.023572658464746443,-0.6363258798577491,0.0,0.0
470,315.0,90.0,45.0,-90.00000000000001,90.0,0.0,-0.7472911817236044,-0.023572658464746443,-0.6363258798577491,0.0,0.0
471,315.0,90.0,90.0,-135.00000000000003,90.0,0.0,-0.7472911817236044,-0.023572658464746443,-0.6363258798577491,0.0,0.0
472,315.0,90.0,135.0,180.0,90.0,0.0,-0.7472911817236044,-0.023572658464746443,-0.6363258798577491,0.0,0.0
473,315.0,90.0,180.0,135.0,90.0,0.0,-0.7472911817236044,-0.023572658464746443,-0.6363258798577491,0.0,0.0
474,315.0,90.0,225.0,90.0,90.0,0.0,-0.7472911817236044,-0.023572658464746443,-0.6363258798577491,0.0,0.0
475,315.0,90.0,270.0,45.0,90.0,0.0,-0.7472911817236044,-0.023572658464746443,-0.6363258798577491,0.0,0.0
476,315.0,90.0,315.0,5.813537099647784e-16,90.0,0.0,-0.7472911817236044,-0.023572658464746443,-0.6363258798577491,0.0,0.0
477,315.0,135.0,0.0,135.0,45.00000000000001,180.0,-0.7472911817236044,-0.023572658464746443,-0.6363258798577491,0.0,0.0
478,315.0,135.0,45.0,135.0,45.0,-135.0,-0.7472911817236044,-0.023572658464746443,-0.6363258798577491,0.0,0.0
479,315.0,135.0,90.0,135.0,45.00000000000001,-90.0,-0.7472911817236044,-0.023572658464746443,-0.6363258798577491,0.0,0.0
480,315.0,135.0,135.0,135.0,45.0,-45.0,-0.7472911817236044,-0.023572658464746443,-0.6363258798577491,0.0,0.0
481,315.0,135.0,180.0,134.99999999999997,45.00000000000001,-7.016709298534876e-15,-0.7472911817236044,-0.023572658464746443,-0.6363258798577491,0.0,0.0
482,315.0,135.0,225.0,135.0,45.0,44.99999999999999,-0.7472911817236044,-0.023572658464746443,-0.6363258798577491,0.0,0.0
483,315.0,135.0,270.0,135.0,45.00000000000001,89.99999999999999,-0.7472911817236044,-0.023572658464746443,-0.6363258798577491,0.0,0.0
484,315.0,135.0,315.0,135.0,45.00000000000001,134.99999999999997,-0.7472911817236044,-0.023572658464746443,-0.6363258798577491,0.0,0.0
485,315.0,180.0,0.0,135.0,7.016709298534876e-15,180.0,-0.7472911817236044,-0.023572658464746443,-0.6363258798577491,0.0,0.0
486,315.0,180.0,45.0,134.99999999999997,7.0167092985348775e-15,-135.0,-0.7472911817236044,-0.023572658464746443,-0.6363258798577491,0.0,0.0
487,315.0,180.0,90.0,134.99999999999997,7.016709298534876e-15,-90.0,-0.7472911817236044,-0.023572658464746443,-0.6363258798577491,0.0,0.0
488,315.0,180.0,135.0,135.0,7.016709298534876e-15,-45.00000000000001,-0.7472911817236044,-0.023572658464746443,-0.6363258798577491,0.0,0.0
489,315.0,180.0,180.0,135.0,7.016709298534876e-15,-7.016709298534876e-15,-0.7472911817236044,-0.023572658464746443,-0.6363258798577491,0.0,0.0
490,315.0,180.0,225.0,135.0,7.016709298534876e-15,44.99999999999999,-0.7472911817236044,-0.023572658464746443,-0.6363258798577491,0.0,0.0
491,315.0,180.0,270.0,134.99999999999997,7.016709298534876e-15,89.99999999999999,-0.7472911817236044,-0.023572658464746443,-0.6363258798577491,0.0,0.0
492,315.0,180.0,315.0,135.0,7.016709298534876e-15,135.0,-0.7472911817236044,-0.023572658464746443,-0.6363258798577491,0.0,0.0
493,315.0,225.0,0.0,135.0,-44.99999999999999,180.0,-0.7472911817236044,-0.023572658464746443,-0.6363258798577491,0.0,0.0
494,315.0,225.0,45.0,135.0,-44.999999999999986,-135.0,-0.7472911817236044,-0.023572658464746443,-0.6363258798577491,0.0,0.0
495,315.0,225.0,90.0,134.99999999999997,-44.99999999999999,-90.0,-0.7472911817236044,-0.023572658464746443,-0.6363258798577491,0.0,0.0
496,315.0,225.0,135.0,134.99999999999994,-44.999999999999986,-45.0,-0.7472911817236044,-0.023572658464746443,-0.6363258798577491,0.0,0.0
497,315.0,225.0,225.0,135.0,-44.999999999999986,45.0,-0.7472911817236044,-0.023572658464746443,-0.6363258798577491,0.0,0.0
498,315.0,225.0,270.0,134.99999999999997,-44.99999999999999,89.99999999999999,-0.7472911817236044,-0.023572658464746443,-0.6363258798577491,0.0,0.0
499,315.0,225.0,315.0,135.0,-44.99999999999999,135.0,-0.7472911817236044,-0.023572658464746443,-0.6363258798577491,0.0,0.0
500,315.0,270.0,0.0,135.0,-90.00000000000001,0.0,-0.7472911817236044,-0.023572658464746443,-0.6363258798577491,0.0,0.0
501,315.0,270.0,45.0,180.0,-90.00000000000001,0.0,-0.7472911817236044,-0.023572658464746443,-0.6363258798577491,0.0,0.0
502,315.0,270.0,90.0,-135.00000000000003,-90.00000000000001,0.0,-0.7472911817236044,-0.023572658464746443,-0.6363258798577491,0.0,0.0
503,315.0,270.0,135.0,-90.00000000000001,-90.00000000000001,0.0,-0.7472911817236044,-0.023572658464746443,-0.6363258798577491,0.0,0.0
504,315.0,270.0,180.0,-45.00000000000003,-90.00000000000001,0.0,-0.7472911817236044,-0.023572658464746443,-0.6363258798577491,0.0,0.0
505,315.0,270.0,270.0,44.99999999999998,-90.00000000000001,0.0,-0.7472911817236044,-0.023572658464746443,-0.6363258798577491,0.0,0.0
506,315.0,270.0,315.0,89.99999999999997,-90.00000000000001,0.0,-0.7472911817236044,-0.023572658464746443,-0.6363258798577491,0.0,0.0
507,315.0,315.0,45.0,-45.00000000000002,-45.000000000000014,44.999999999999986,-0.7472911817236044,-0.023572658464746443,-0.6363258798577491,0.0,0.0
508,315.0,315.0,90.0,-45.000000000000014,-45.000000000000014,90.0,-0.7472911817236044,-0.023572658464746443,-0.6363258798577491,0.0,0.0
509,315.0,315.0,135.0,-45.00000000000002,-45.00000000000002,135.0,-0.7472911817236044,-0.023572658464746443,-0.6363258798577491,0.0,0.0
510,315.0,315.0,180.0,-45.00000000000003,-45.000000000000014,180.0,-0.7472911817236044,-0.023572658464746443,-0.6363258798577491,0.0,0.0
511,315.0,315.0,225.0,-45.00000000000002,-45.000000000000014,-135.00000000000003,-0.7472911817236044,-0.023572658464746443,-0.6363258798577491,0.0,0.0
512,315.0,315.0,315.0,-45.000000000000014,-45.000000000000014,-45.00000000000001,-0.7472911817236044,-0.023572658464746443,-0.6363258798577491,0.0,0.0
